image_path,mask_path
/work/vajira/data/EndoCV_2021/new_data_v2/trainData_EndoCV2021_21_Feb2021-V2/data_C2/images_C2/EndoCV2021_001087.jpg,/work/vajira/data/EndoCV_2021/new_data_v2/trainData_EndoCV2021_21_Feb2021-V2/data_C2/masks_C2/EndoCV2021_001087_mask.jpg
/work/vajira/data/EndoCV_2021/new_data_v2/trainData_EndoCV2021_21_Feb2021-V2/data_C2/images_C2/EndoCV2021_001312.jpg,/work/vajira/data/EndoCV_2021/new_data_v2/trainData_EndoCV2021_21_Feb2021-V2/data_C2/masks_C2/EndoCV2021_001312_mask.jpg
/work/vajira/data/EndoCV_2021/new_data_v2/trainData_EndoCV2021_21_Feb2021-V2/data_C2/images_C2/EndoCV2021_001163.jpg,/work/vajira/data/EndoCV_2021/new_data_v2/trainData_EndoCV2021_21_Feb2021-V2/data_C2/masks_C2/EndoCV2021_001163_mask.jpg
/work/vajira/data/EndoCV_2021/new_data_v2/trainData_EndoCV2021_21_Feb2021-V2/data_C2/images_C2/EndoCV2021_001333.jpg,/work/vajira/data/EndoCV_2021/new_data_v2/trainData_EndoCV2021_21_Feb2021-V2/data_C2/masks_C2/EndoCV2021_001333_mask.jpg
/work/vajira/data/EndoCV_2021/new_data_v2/trainData_EndoCV2021_21_Feb2021-V2/data_C2/images_C2/EndoCV2021_001339.jpg,/work/vajira/data/EndoCV_2021/new_data_v2/trainData_EndoCV2021_21_Feb2021-V2/data_C2/masks_C2/EndoCV2021_001339_mask.jpg
/work/vajira/data/EndoCV_2021/new_data_v2/trainData_EndoCV2021_21_Feb2021-V2/data_C2/images_C2/EndoCV2021_001423.jpg,/work/vajira/data/EndoCV_2021/new_data_v2/trainData_EndoCV2021_21_Feb2021-V2/data_C2/masks_C2/EndoCV2021_001423_mask.jpg
/work/vajira/data/EndoCV_2021/new_data_v2/trainData_EndoCV2021_21_Feb2021-V2/data_C2/images_C2/EndoCV2021_001106.jpg,/work/vajira/data/EndoCV_2021/new_data_v2/trainData_EndoCV2021_21_Feb2021-V2/data_C2/masks_C2/EndoCV2021_001106_mask.jpg
/work/vajira/data/EndoCV_2021/new_data_v2/trainData_EndoCV2021_21_Feb2021-V2/data_C2/images_C2/EndoCV2021_001311.jpg,/work/vajira/data/EndoCV_2021/new_data_v2/trainData_EndoCV2021_21_Feb2021-V2/data_C2/masks_C2/EndoCV2021_001311_mask.jpg
/work/vajira/data/EndoCV_2021/new_data_v2/trainData_EndoCV2021_21_Feb2021-V2/data_C2/images_C2/EndoCV2021_001406.jpg,/work/vajira/data/EndoCV_2021/new_data_v2/trainData_EndoCV2021_21_Feb2021-V2/data_C2/masks_C2/EndoCV2021_001406_mask.jpg
/work/vajira/data/EndoCV_2021/new_data_v2/trainData_EndoCV2021_21_Feb2021-V2/data_C2/images_C2/EndoCV2021_001319.jpg,/work/vajira/data/EndoCV_2021/new_data_v2/trainData_EndoCV2021_21_Feb2021-V2/data_C2/masks_C2/EndoCV2021_001319_mask.jpg
/work/vajira/data/EndoCV_2021/new_data_v2/trainData_EndoCV2021_21_Feb2021-V2/data_C2/images_C2/EndoCV2021_001126.jpg,/work/vajira/data/EndoCV_2021/new_data_v2/trainData_EndoCV2021_21_Feb2021-V2/data_C2/masks_C2/EndoCV2021_001126_mask.jpg
/work/vajira/data/EndoCV_2021/new_data_v2/trainData_EndoCV2021_21_Feb2021-V2/data_C2/images_C2/EndoCV2021_001428.jpg,/work/vajira/data/EndoCV_2021/new_data_v2/trainData_EndoCV2021_21_Feb2021-V2/data_C2/masks_C2/EndoCV2021_001428_mask.jpg
/work/vajira/data/EndoCV_2021/new_data_v2/trainData_EndoCV2021_21_Feb2021-V2/data_C2/images_C2/EndoCV2021_001217.jpg,/work/vajira/data/EndoCV_2021/new_data_v2/trainData_EndoCV2021_21_Feb2021-V2/data_C2/masks_C2/EndoCV2021_001217_mask.jpg
/work/vajira/data/EndoCV_2021/new_data_v2/trainData_EndoCV2021_21_Feb2021-V2/data_C2/images_C2/EndoCV2021_001420.jpg,/work/vajira/data/EndoCV_2021/new_data_v2/trainData_EndoCV2021_21_Feb2021-V2/data_C2/masks_C2/EndoCV2021_001420_mask.jpg
/work/vajira/data/EndoCV_2021/new_data_v2/trainData_EndoCV2021_21_Feb2021-V2/data_C2/images_C2/EndoCV2021_001417.jpg,/work/vajira/data/EndoCV_2021/new_data_v2/trainData_EndoCV2021_21_Feb2021-V2/data_C2/masks_C2/EndoCV2021_001417_mask.jpg
/work/vajira/data/EndoCV_2021/new_data_v2/trainData_EndoCV2021_21_Feb2021-V2/data_C2/images_C2/EndoCV2021_001392.jpg,/work/vajira/data/EndoCV_2021/new_data_v2/trainData_EndoCV2021_21_Feb2021-V2/data_C2/masks_C2/EndoCV2021_001392_mask.jpg
/work/vajira/data/EndoCV_2021/new_data_v2/trainData_EndoCV2021_21_Feb2021-V2/data_C2/images_C2/EndoCV2021_001206.jpg,/work/vajira/data/EndoCV_2021/new_data_v2/trainData_EndoCV2021_21_Feb2021-V2/data_C2/masks_C2/EndoCV2021_001206_mask.jpg
/work/vajira/data/EndoCV_2021/new_data_v2/trainData_EndoCV2021_21_Feb2021-V2/data_C2/images_C2/EndoCV2021_001273.jpg,/work/vajira/data/EndoCV_2021/new_data_v2/trainData_EndoCV2021_21_Feb2021-V2/data_C2/masks_C2/EndoCV2021_001273_mask.jpg
/work/vajira/data/EndoCV_2021/new_data_v2/trainData_EndoCV2021_21_Feb2021-V2/data_C2/images_C2/EndoCV2021_001199.jpg,/work/vajira/data/EndoCV_2021/new_data_v2/trainData_EndoCV2021_21_Feb2021-V2/data_C2/masks_C2/EndoCV2021_001199_mask.jpg
/work/vajira/data/EndoCV_2021/new_data_v2/trainData_EndoCV2021_21_Feb2021-V2/data_C2/images_C2/EndoCV2021_001174.jpg,/work/vajira/data/EndoCV_2021/new_data_v2/trainData_EndoCV2021_21_Feb2021-V2/data_C2/masks_C2/EndoCV2021_001174_mask.jpg
/work/vajira/data/EndoCV_2021/new_data_v2/trainData_EndoCV2021_21_Feb2021-V2/data_C2/images_C2/EndoCV2021_001359.jpg,/work/vajira/data/EndoCV_2021/new_data_v2/trainData_EndoCV2021_21_Feb2021-V2/data_C2/masks_C2/EndoCV2021_001359_mask.jpg
/work/vajira/data/EndoCV_2021/new_data_v2/trainData_EndoCV2021_21_Feb2021-V2/data_C2/images_C2/EndoCV2021_001002.jpg,/work/vajira/data/EndoCV_2021/new_data_v2/trainData_EndoCV2021_21_Feb2021-V2/data_C2/masks_C2/EndoCV2021_001002_mask.jpg
/work/vajira/data/EndoCV_2021/new_data_v2/trainData_EndoCV2021_21_Feb2021-V2/data_C2/images_C2/EndoCV2021_001221.jpg,/work/vajira/data/EndoCV_2021/new_data_v2/trainData_EndoCV2021_21_Feb2021-V2/data_C2/masks_C2/EndoCV2021_001221_mask.jpg
/work/vajira/data/EndoCV_2021/new_data_v2/trainData_EndoCV2021_21_Feb2021-V2/data_C2/images_C2/EndoCV2021_001057.jpg,/work/vajira/data/EndoCV_2021/new_data_v2/trainData_EndoCV2021_21_Feb2021-V2/data_C2/masks_C2/EndoCV2021_001057_mask.jpg
/work/vajira/data/EndoCV_2021/new_data_v2/trainData_EndoCV2021_21_Feb2021-V2/data_C2/images_C2/EndoCV2021_001346.jpg,/work/vajira/data/EndoCV_2021/new_data_v2/trainData_EndoCV2021_21_Feb2021-V2/data_C2/masks_C2/EndoCV2021_001346_mask.jpg
/work/vajira/data/EndoCV_2021/new_data_v2/trainData_EndoCV2021_21_Feb2021-V2/data_C2/images_C2/EndoCV2021_001426.jpg,/work/vajira/data/EndoCV_2021/new_data_v2/trainData_EndoCV2021_21_Feb2021-V2/data_C2/masks_C2/EndoCV2021_001426_mask.jpg
/work/vajira/data/EndoCV_2021/new_data_v2/trainData_EndoCV2021_21_Feb2021-V2/data_C2/images_C2/EndoCV2021_001386.jpg,/work/vajira/data/EndoCV_2021/new_data_v2/trainData_EndoCV2021_21_Feb2021-V2/data_C2/masks_C2/EndoCV2021_001386_mask.jpg
/work/vajira/data/EndoCV_2021/new_data_v2/trainData_EndoCV2021_21_Feb2021-V2/data_C2/images_C2/EndoCV2021_001119.jpg,/work/vajira/data/EndoCV_2021/new_data_v2/trainData_EndoCV2021_21_Feb2021-V2/data_C2/masks_C2/EndoCV2021_001119_mask.jpg
/work/vajira/data/EndoCV_2021/new_data_v2/trainData_EndoCV2021_21_Feb2021-V2/data_C2/images_C2/EndoCV2021_001316.jpg,/work/vajira/data/EndoCV_2021/new_data_v2/trainData_EndoCV2021_21_Feb2021-V2/data_C2/masks_C2/EndoCV2021_001316_mask.jpg
/work/vajira/data/EndoCV_2021/new_data_v2/trainData_EndoCV2021_21_Feb2021-V2/data_C2/images_C2/EndoCV2021_001358.jpg,/work/vajira/data/EndoCV_2021/new_data_v2/trainData_EndoCV2021_21_Feb2021-V2/data_C2/masks_C2/EndoCV2021_001358_mask.jpg
/work/vajira/data/EndoCV_2021/new_data_v2/trainData_EndoCV2021_21_Feb2021-V2/data_C2/images_C2/EndoCV2021_001412.jpg,/work/vajira/data/EndoCV_2021/new_data_v2/trainData_EndoCV2021_21_Feb2021-V2/data_C2/masks_C2/EndoCV2021_001412_mask.jpg
/work/vajira/data/EndoCV_2021/new_data_v2/trainData_EndoCV2021_21_Feb2021-V2/data_C2/images_C2/EndoCV2021_001200.jpg,/work/vajira/data/EndoCV_2021/new_data_v2/trainData_EndoCV2021_21_Feb2021-V2/data_C2/masks_C2/EndoCV2021_001200_mask.jpg
/work/vajira/data/EndoCV_2021/new_data_v2/trainData_EndoCV2021_21_Feb2021-V2/data_C2/images_C2/EndoCV2021_001093.jpg,/work/vajira/data/EndoCV_2021/new_data_v2/trainData_EndoCV2021_21_Feb2021-V2/data_C2/masks_C2/EndoCV2021_001093_mask.jpg
/work/vajira/data/EndoCV_2021/new_data_v2/trainData_EndoCV2021_21_Feb2021-V2/data_C2/images_C2/EndoCV2021_001354.jpg,/work/vajira/data/EndoCV_2021/new_data_v2/trainData_EndoCV2021_21_Feb2021-V2/data_C2/masks_C2/EndoCV2021_001354_mask.jpg
/work/vajira/data/EndoCV_2021/new_data_v2/trainData_EndoCV2021_21_Feb2021-V2/data_C2/images_C2/EndoCV2021_001098.jpg,/work/vajira/data/EndoCV_2021/new_data_v2/trainData_EndoCV2021_21_Feb2021-V2/data_C2/masks_C2/EndoCV2021_001098_mask.jpg
/work/vajira/data/EndoCV_2021/new_data_v2/trainData_EndoCV2021_21_Feb2021-V2/data_C2/images_C2/EndoCV2021_001257.jpg,/work/vajira/data/EndoCV_2021/new_data_v2/trainData_EndoCV2021_21_Feb2021-V2/data_C2/masks_C2/EndoCV2021_001257_mask.jpg
/work/vajira/data/EndoCV_2021/new_data_v2/trainData_EndoCV2021_21_Feb2021-V2/data_C2/images_C2/EndoCV2021_001379.jpg,/work/vajira/data/EndoCV_2021/new_data_v2/trainData_EndoCV2021_21_Feb2021-V2/data_C2/masks_C2/EndoCV2021_001379_mask.jpg
/work/vajira/data/EndoCV_2021/new_data_v2/trainData_EndoCV2021_21_Feb2021-V2/data_C2/images_C2/EndoCV2021_001114.jpg,/work/vajira/data/EndoCV_2021/new_data_v2/trainData_EndoCV2021_21_Feb2021-V2/data_C2/masks_C2/EndoCV2021_001114_mask.jpg
/work/vajira/data/EndoCV_2021/new_data_v2/trainData_EndoCV2021_21_Feb2021-V2/data_C2/images_C2/EndoCV2021_001361.jpg,/work/vajira/data/EndoCV_2021/new_data_v2/trainData_EndoCV2021_21_Feb2021-V2/data_C2/masks_C2/EndoCV2021_001361_mask.jpg
/work/vajira/data/EndoCV_2021/new_data_v2/trainData_EndoCV2021_21_Feb2021-V2/data_C2/images_C2/EndoCV2021_001109.jpg,/work/vajira/data/EndoCV_2021/new_data_v2/trainData_EndoCV2021_21_Feb2021-V2/data_C2/masks_C2/EndoCV2021_001109_mask.jpg
/work/vajira/data/EndoCV_2021/new_data_v2/trainData_EndoCV2021_21_Feb2021-V2/data_C2/images_C2/EndoCV2021_001255.jpg,/work/vajira/data/EndoCV_2021/new_data_v2/trainData_EndoCV2021_21_Feb2021-V2/data_C2/masks_C2/EndoCV2021_001255_mask.jpg
/work/vajira/data/EndoCV_2021/new_data_v2/trainData_EndoCV2021_21_Feb2021-V2/data_C2/images_C2/EndoCV2021_001043.jpg,/work/vajira/data/EndoCV_2021/new_data_v2/trainData_EndoCV2021_21_Feb2021-V2/data_C2/masks_C2/EndoCV2021_001043_mask.jpg
/work/vajira/data/EndoCV_2021/new_data_v2/trainData_EndoCV2021_21_Feb2021-V2/data_C2/images_C2/EndoCV2021_001010.jpg,/work/vajira/data/EndoCV_2021/new_data_v2/trainData_EndoCV2021_21_Feb2021-V2/data_C2/masks_C2/EndoCV2021_001010_mask.jpg
/work/vajira/data/EndoCV_2021/new_data_v2/trainData_EndoCV2021_21_Feb2021-V2/data_C2/images_C2/EndoCV2021_001073.jpg,/work/vajira/data/EndoCV_2021/new_data_v2/trainData_EndoCV2021_21_Feb2021-V2/data_C2/masks_C2/EndoCV2021_001073_mask.jpg
/work/vajira/data/EndoCV_2021/new_data_v2/trainData_EndoCV2021_21_Feb2021-V2/data_C2/images_C2/EndoCV2021_001281.jpg,/work/vajira/data/EndoCV_2021/new_data_v2/trainData_EndoCV2021_21_Feb2021-V2/data_C2/masks_C2/EndoCV2021_001281_mask.jpg
/work/vajira/data/EndoCV_2021/new_data_v2/trainData_EndoCV2021_21_Feb2021-V2/data_C2/images_C2/EndoCV2021_001157.jpg,/work/vajira/data/EndoCV_2021/new_data_v2/trainData_EndoCV2021_21_Feb2021-V2/data_C2/masks_C2/EndoCV2021_001157_mask.jpg
/work/vajira/data/EndoCV_2021/new_data_v2/trainData_EndoCV2021_21_Feb2021-V2/data_C2/images_C2/EndoCV2021_001425.jpg,/work/vajira/data/EndoCV_2021/new_data_v2/trainData_EndoCV2021_21_Feb2021-V2/data_C2/masks_C2/EndoCV2021_001425_mask.jpg
/work/vajira/data/EndoCV_2021/new_data_v2/trainData_EndoCV2021_21_Feb2021-V2/data_C2/images_C2/EndoCV2021_001195.jpg,/work/vajira/data/EndoCV_2021/new_data_v2/trainData_EndoCV2021_21_Feb2021-V2/data_C2/masks_C2/EndoCV2021_001195_mask.jpg
/work/vajira/data/EndoCV_2021/new_data_v2/trainData_EndoCV2021_21_Feb2021-V2/data_C2/images_C2/EndoCV2021_001004.jpg,/work/vajira/data/EndoCV_2021/new_data_v2/trainData_EndoCV2021_21_Feb2021-V2/data_C2/masks_C2/EndoCV2021_001004_mask.jpg
/work/vajira/data/EndoCV_2021/new_data_v2/trainData_EndoCV2021_21_Feb2021-V2/data_C2/images_C2/EndoCV2021_001327.jpg,/work/vajira/data/EndoCV_2021/new_data_v2/trainData_EndoCV2021_21_Feb2021-V2/data_C2/masks_C2/EndoCV2021_001327_mask.jpg
/work/vajira/data/EndoCV_2021/new_data_v2/trainData_EndoCV2021_21_Feb2021-V2/data_C2/images_C2/EndoCV2021_001058.jpg,/work/vajira/data/EndoCV_2021/new_data_v2/trainData_EndoCV2021_21_Feb2021-V2/data_C2/masks_C2/EndoCV2021_001058_mask.jpg
/work/vajira/data/EndoCV_2021/new_data_v2/trainData_EndoCV2021_21_Feb2021-V2/data_C2/images_C2/EndoCV2021_001130.jpg,/work/vajira/data/EndoCV_2021/new_data_v2/trainData_EndoCV2021_21_Feb2021-V2/data_C2/masks_C2/EndoCV2021_001130_mask.jpg
/work/vajira/data/EndoCV_2021/new_data_v2/trainData_EndoCV2021_21_Feb2021-V2/data_C2/images_C2/EndoCV2021_001078.jpg,/work/vajira/data/EndoCV_2021/new_data_v2/trainData_EndoCV2021_21_Feb2021-V2/data_C2/masks_C2/EndoCV2021_001078_mask.jpg
/work/vajira/data/EndoCV_2021/new_data_v2/trainData_EndoCV2021_21_Feb2021-V2/data_C2/images_C2/EndoCV2021_001212.jpg,/work/vajira/data/EndoCV_2021/new_data_v2/trainData_EndoCV2021_21_Feb2021-V2/data_C2/masks_C2/EndoCV2021_001212_mask.jpg
/work/vajira/data/EndoCV_2021/new_data_v2/trainData_EndoCV2021_21_Feb2021-V2/data_C2/images_C2/EndoCV2021_001414.jpg,/work/vajira/data/EndoCV_2021/new_data_v2/trainData_EndoCV2021_21_Feb2021-V2/data_C2/masks_C2/EndoCV2021_001414_mask.jpg
/work/vajira/data/EndoCV_2021/new_data_v2/trainData_EndoCV2021_21_Feb2021-V2/data_C2/images_C2/EndoCV2021_001136.jpg,/work/vajira/data/EndoCV_2021/new_data_v2/trainData_EndoCV2021_21_Feb2021-V2/data_C2/masks_C2/EndoCV2021_001136_mask.jpg
/work/vajira/data/EndoCV_2021/new_data_v2/trainData_EndoCV2021_21_Feb2021-V2/data_C2/images_C2/EndoCV2021_001218.jpg,/work/vajira/data/EndoCV_2021/new_data_v2/trainData_EndoCV2021_21_Feb2021-V2/data_C2/masks_C2/EndoCV2021_001218_mask.jpg
/work/vajira/data/EndoCV_2021/new_data_v2/trainData_EndoCV2021_21_Feb2021-V2/data_C2/images_C2/EndoCV2021_001007.jpg,/work/vajira/data/EndoCV_2021/new_data_v2/trainData_EndoCV2021_21_Feb2021-V2/data_C2/masks_C2/EndoCV2021_001007_mask.jpg
/work/vajira/data/EndoCV_2021/new_data_v2/trainData_EndoCV2021_21_Feb2021-V2/data_C2/images_C2/EndoCV2021_001123.jpg,/work/vajira/data/EndoCV_2021/new_data_v2/trainData_EndoCV2021_21_Feb2021-V2/data_C2/masks_C2/EndoCV2021_001123_mask.jpg
/work/vajira/data/EndoCV_2021/new_data_v2/trainData_EndoCV2021_21_Feb2021-V2/data_C2/images_C2/EndoCV2021_001387.jpg,/work/vajira/data/EndoCV_2021/new_data_v2/trainData_EndoCV2021_21_Feb2021-V2/data_C2/masks_C2/EndoCV2021_001387_mask.jpg
/work/vajira/data/EndoCV_2021/new_data_v2/trainData_EndoCV2021_21_Feb2021-V2/data_C2/images_C2/EndoCV2021_001031.jpg,/work/vajira/data/EndoCV_2021/new_data_v2/trainData_EndoCV2021_21_Feb2021-V2/data_C2/masks_C2/EndoCV2021_001031_mask.jpg
/work/vajira/data/EndoCV_2021/new_data_v2/trainData_EndoCV2021_21_Feb2021-V2/data_C2/images_C2/EndoCV2021_001094.jpg,/work/vajira/data/EndoCV_2021/new_data_v2/trainData_EndoCV2021_21_Feb2021-V2/data_C2/masks_C2/EndoCV2021_001094_mask.jpg
/work/vajira/data/EndoCV_2021/new_data_v2/trainData_EndoCV2021_21_Feb2021-V2/data_C2/images_C2/EndoCV2021_001135.jpg,/work/vajira/data/EndoCV_2021/new_data_v2/trainData_EndoCV2021_21_Feb2021-V2/data_C2/masks_C2/EndoCV2021_001135_mask.jpg
/work/vajira/data/EndoCV_2021/new_data_v2/trainData_EndoCV2021_21_Feb2021-V2/data_C2/images_C2/EndoCV2021_001046.jpg,/work/vajira/data/EndoCV_2021/new_data_v2/trainData_EndoCV2021_21_Feb2021-V2/data_C2/masks_C2/EndoCV2021_001046_mask.jpg
/work/vajira/data/EndoCV_2021/new_data_v2/trainData_EndoCV2021_21_Feb2021-V2/data_C2/images_C2/EndoCV2021_001000.jpg,/work/vajira/data/EndoCV_2021/new_data_v2/trainData_EndoCV2021_21_Feb2021-V2/data_C2/masks_C2/EndoCV2021_001000_mask.jpg
/work/vajira/data/EndoCV_2021/new_data_v2/trainData_EndoCV2021_21_Feb2021-V2/data_C2/images_C2/EndoCV2021_001401.jpg,/work/vajira/data/EndoCV_2021/new_data_v2/trainData_EndoCV2021_21_Feb2021-V2/data_C2/masks_C2/EndoCV2021_001401_mask.jpg
/work/vajira/data/EndoCV_2021/new_data_v2/trainData_EndoCV2021_21_Feb2021-V2/data_C2/images_C2/EndoCV2021_001374.jpg,/work/vajira/data/EndoCV_2021/new_data_v2/trainData_EndoCV2021_21_Feb2021-V2/data_C2/masks_C2/EndoCV2021_001374_mask.jpg
/work/vajira/data/EndoCV_2021/new_data_v2/trainData_EndoCV2021_21_Feb2021-V2/data_C2/images_C2/EndoCV2021_001372.jpg,/work/vajira/data/EndoCV_2021/new_data_v2/trainData_EndoCV2021_21_Feb2021-V2/data_C2/masks_C2/EndoCV2021_001372_mask.jpg
/work/vajira/data/EndoCV_2021/new_data_v2/trainData_EndoCV2021_21_Feb2021-V2/data_C2/images_C2/EndoCV2021_001331.jpg,/work/vajira/data/EndoCV_2021/new_data_v2/trainData_EndoCV2021_21_Feb2021-V2/data_C2/masks_C2/EndoCV2021_001331_mask.jpg
/work/vajira/data/EndoCV_2021/new_data_v2/trainData_EndoCV2021_21_Feb2021-V2/data_C2/images_C2/EndoCV2021_001173.jpg,/work/vajira/data/EndoCV_2021/new_data_v2/trainData_EndoCV2021_21_Feb2021-V2/data_C2/masks_C2/EndoCV2021_001173_mask.jpg
/work/vajira/data/EndoCV_2021/new_data_v2/trainData_EndoCV2021_21_Feb2021-V2/data_C2/images_C2/EndoCV2021_001039.jpg,/work/vajira/data/EndoCV_2021/new_data_v2/trainData_EndoCV2021_21_Feb2021-V2/data_C2/masks_C2/EndoCV2021_001039_mask.jpg
/work/vajira/data/EndoCV_2021/new_data_v2/trainData_EndoCV2021_21_Feb2021-V2/data_C2/images_C2/EndoCV2021_001017.jpg,/work/vajira/data/EndoCV_2021/new_data_v2/trainData_EndoCV2021_21_Feb2021-V2/data_C2/masks_C2/EndoCV2021_001017_mask.jpg
/work/vajira/data/EndoCV_2021/new_data_v2/trainData_EndoCV2021_21_Feb2021-V2/data_C2/images_C2/EndoCV2021_001044.jpg,/work/vajira/data/EndoCV_2021/new_data_v2/trainData_EndoCV2021_21_Feb2021-V2/data_C2/masks_C2/EndoCV2021_001044_mask.jpg
/work/vajira/data/EndoCV_2021/new_data_v2/trainData_EndoCV2021_21_Feb2021-V2/data_C2/images_C2/EndoCV2021_001356.jpg,/work/vajira/data/EndoCV_2021/new_data_v2/trainData_EndoCV2021_21_Feb2021-V2/data_C2/masks_C2/EndoCV2021_001356_mask.jpg
/work/vajira/data/EndoCV_2021/new_data_v2/trainData_EndoCV2021_21_Feb2021-V2/data_C2/images_C2/EndoCV2021_001075.jpg,/work/vajira/data/EndoCV_2021/new_data_v2/trainData_EndoCV2021_21_Feb2021-V2/data_C2/masks_C2/EndoCV2021_001075_mask.jpg
/work/vajira/data/EndoCV_2021/new_data_v2/trainData_EndoCV2021_21_Feb2021-V2/data_C2/images_C2/EndoCV2021_001023.jpg,/work/vajira/data/EndoCV_2021/new_data_v2/trainData_EndoCV2021_21_Feb2021-V2/data_C2/masks_C2/EndoCV2021_001023_mask.jpg
/work/vajira/data/EndoCV_2021/new_data_v2/trainData_EndoCV2021_21_Feb2021-V2/data_C2/images_C2/EndoCV2021_001395.jpg,/work/vajira/data/EndoCV_2021/new_data_v2/trainData_EndoCV2021_21_Feb2021-V2/data_C2/masks_C2/EndoCV2021_001395_mask.jpg
/work/vajira/data/EndoCV_2021/new_data_v2/trainData_EndoCV2021_21_Feb2021-V2/data_C2/images_C2/EndoCV2021_001270.jpg,/work/vajira/data/EndoCV_2021/new_data_v2/trainData_EndoCV2021_21_Feb2021-V2/data_C2/masks_C2/EndoCV2021_001270_mask.jpg
/work/vajira/data/EndoCV_2021/new_data_v2/trainData_EndoCV2021_21_Feb2021-V2/data_C2/images_C2/EndoCV2021_001323.jpg,/work/vajira/data/EndoCV_2021/new_data_v2/trainData_EndoCV2021_21_Feb2021-V2/data_C2/masks_C2/EndoCV2021_001323_mask.jpg
/work/vajira/data/EndoCV_2021/new_data_v2/trainData_EndoCV2021_21_Feb2021-V2/data_C2/images_C2/EndoCV2021_001353.jpg,/work/vajira/data/EndoCV_2021/new_data_v2/trainData_EndoCV2021_21_Feb2021-V2/data_C2/masks_C2/EndoCV2021_001353_mask.jpg
/work/vajira/data/EndoCV_2021/new_data_v2/trainData_EndoCV2021_21_Feb2021-V2/data_C2/images_C2/EndoCV2021_001375.jpg,/work/vajira/data/EndoCV_2021/new_data_v2/trainData_EndoCV2021_21_Feb2021-V2/data_C2/masks_C2/EndoCV2021_001375_mask.jpg
/work/vajira/data/EndoCV_2021/new_data_v2/trainData_EndoCV2021_21_Feb2021-V2/data_C2/images_C2/EndoCV2021_001033.jpg,/work/vajira/data/EndoCV_2021/new_data_v2/trainData_EndoCV2021_21_Feb2021-V2/data_C2/masks_C2/EndoCV2021_001033_mask.jpg
/work/vajira/data/EndoCV_2021/new_data_v2/trainData_EndoCV2021_21_Feb2021-V2/data_C2/images_C2/EndoCV2021_001122.jpg,/work/vajira/data/EndoCV_2021/new_data_v2/trainData_EndoCV2021_21_Feb2021-V2/data_C2/masks_C2/EndoCV2021_001122_mask.jpg
/work/vajira/data/EndoCV_2021/new_data_v2/trainData_EndoCV2021_21_Feb2021-V2/data_C2/images_C2/EndoCV2021_001187.jpg,/work/vajira/data/EndoCV_2021/new_data_v2/trainData_EndoCV2021_21_Feb2021-V2/data_C2/masks_C2/EndoCV2021_001187_mask.jpg
/work/vajira/data/EndoCV_2021/new_data_v2/trainData_EndoCV2021_21_Feb2021-V2/data_C2/images_C2/EndoCV2021_001008.jpg,/work/vajira/data/EndoCV_2021/new_data_v2/trainData_EndoCV2021_21_Feb2021-V2/data_C2/masks_C2/EndoCV2021_001008_mask.jpg
/work/vajira/data/EndoCV_2021/new_data_v2/trainData_EndoCV2021_21_Feb2021-V2/data_C2/images_C2/EndoCV2021_001351.jpg,/work/vajira/data/EndoCV_2021/new_data_v2/trainData_EndoCV2021_21_Feb2021-V2/data_C2/masks_C2/EndoCV2021_001351_mask.jpg
/work/vajira/data/EndoCV_2021/new_data_v2/trainData_EndoCV2021_21_Feb2021-V2/data_C2/images_C2/EndoCV2021_001209.jpg,/work/vajira/data/EndoCV_2021/new_data_v2/trainData_EndoCV2021_21_Feb2021-V2/data_C2/masks_C2/EndoCV2021_001209_mask.jpg
/work/vajira/data/EndoCV_2021/new_data_v2/trainData_EndoCV2021_21_Feb2021-V2/data_C2/images_C2/EndoCV2021_001108.jpg,/work/vajira/data/EndoCV_2021/new_data_v2/trainData_EndoCV2021_21_Feb2021-V2/data_C2/masks_C2/EndoCV2021_001108_mask.jpg
/work/vajira/data/EndoCV_2021/new_data_v2/trainData_EndoCV2021_21_Feb2021-V2/data_C2/images_C2/EndoCV2021_001269.jpg,/work/vajira/data/EndoCV_2021/new_data_v2/trainData_EndoCV2021_21_Feb2021-V2/data_C2/masks_C2/EndoCV2021_001269_mask.jpg
/work/vajira/data/EndoCV_2021/new_data_v2/trainData_EndoCV2021_21_Feb2021-V2/data_C2/images_C2/EndoCV2021_001184.jpg,/work/vajira/data/EndoCV_2021/new_data_v2/trainData_EndoCV2021_21_Feb2021-V2/data_C2/masks_C2/EndoCV2021_001184_mask.jpg
/work/vajira/data/EndoCV_2021/new_data_v2/trainData_EndoCV2021_21_Feb2021-V2/data_C2/images_C2/EndoCV2021_001164.jpg,/work/vajira/data/EndoCV_2021/new_data_v2/trainData_EndoCV2021_21_Feb2021-V2/data_C2/masks_C2/EndoCV2021_001164_mask.jpg
/work/vajira/data/EndoCV_2021/new_data_v2/trainData_EndoCV2021_21_Feb2021-V2/data_C2/images_C2/EndoCV2021_001284.jpg,/work/vajira/data/EndoCV_2021/new_data_v2/trainData_EndoCV2021_21_Feb2021-V2/data_C2/masks_C2/EndoCV2021_001284_mask.jpg
/work/vajira/data/EndoCV_2021/new_data_v2/trainData_EndoCV2021_21_Feb2021-V2/data_C2/images_C2/EndoCV2021_001413.jpg,/work/vajira/data/EndoCV_2021/new_data_v2/trainData_EndoCV2021_21_Feb2021-V2/data_C2/masks_C2/EndoCV2021_001413_mask.jpg
/work/vajira/data/EndoCV_2021/new_data_v2/trainData_EndoCV2021_21_Feb2021-V2/data_C2/images_C2/EndoCV2021_001261.jpg,/work/vajira/data/EndoCV_2021/new_data_v2/trainData_EndoCV2021_21_Feb2021-V2/data_C2/masks_C2/EndoCV2021_001261_mask.jpg
/work/vajira/data/EndoCV_2021/new_data_v2/trainData_EndoCV2021_21_Feb2021-V2/data_C2/images_C2/EndoCV2021_001306.jpg,/work/vajira/data/EndoCV_2021/new_data_v2/trainData_EndoCV2021_21_Feb2021-V2/data_C2/masks_C2/EndoCV2021_001306_mask.jpg
/work/vajira/data/EndoCV_2021/new_data_v2/trainData_EndoCV2021_21_Feb2021-V2/data_C2/images_C2/EndoCV2021_001177.jpg,/work/vajira/data/EndoCV_2021/new_data_v2/trainData_EndoCV2021_21_Feb2021-V2/data_C2/masks_C2/EndoCV2021_001177_mask.jpg
/work/vajira/data/EndoCV_2021/new_data_v2/trainData_EndoCV2021_21_Feb2021-V2/data_C2/images_C2/EndoCV2021_001377.jpg,/work/vajira/data/EndoCV_2021/new_data_v2/trainData_EndoCV2021_21_Feb2021-V2/data_C2/masks_C2/EndoCV2021_001377_mask.jpg
/work/vajira/data/EndoCV_2021/new_data_v2/trainData_EndoCV2021_21_Feb2021-V2/data_C2/images_C2/EndoCV2021_001371.jpg,/work/vajira/data/EndoCV_2021/new_data_v2/trainData_EndoCV2021_21_Feb2021-V2/data_C2/masks_C2/EndoCV2021_001371_mask.jpg
/work/vajira/data/EndoCV_2021/new_data_v2/trainData_EndoCV2021_21_Feb2021-V2/data_C2/images_C2/EndoCV2021_001112.jpg,/work/vajira/data/EndoCV_2021/new_data_v2/trainData_EndoCV2021_21_Feb2021-V2/data_C2/masks_C2/EndoCV2021_001112_mask.jpg
/work/vajira/data/EndoCV_2021/new_data_v2/trainData_EndoCV2021_21_Feb2021-V2/data_C2/images_C2/EndoCV2021_001154.jpg,/work/vajira/data/EndoCV_2021/new_data_v2/trainData_EndoCV2021_21_Feb2021-V2/data_C2/masks_C2/EndoCV2021_001154_mask.jpg
/work/vajira/data/EndoCV_2021/new_data_v2/trainData_EndoCV2021_21_Feb2021-V2/data_C2/images_C2/EndoCV2021_001389.jpg,/work/vajira/data/EndoCV_2021/new_data_v2/trainData_EndoCV2021_21_Feb2021-V2/data_C2/masks_C2/EndoCV2021_001389_mask.jpg
/work/vajira/data/EndoCV_2021/new_data_v2/trainData_EndoCV2021_21_Feb2021-V2/data_C2/images_C2/EndoCV2021_001296.jpg,/work/vajira/data/EndoCV_2021/new_data_v2/trainData_EndoCV2021_21_Feb2021-V2/data_C2/masks_C2/EndoCV2021_001296_mask.jpg
/work/vajira/data/EndoCV_2021/new_data_v2/trainData_EndoCV2021_21_Feb2021-V2/data_C2/images_C2/EndoCV2021_001314.jpg,/work/vajira/data/EndoCV_2021/new_data_v2/trainData_EndoCV2021_21_Feb2021-V2/data_C2/masks_C2/EndoCV2021_001314_mask.jpg
/work/vajira/data/EndoCV_2021/new_data_v2/trainData_EndoCV2021_21_Feb2021-V2/data_C2/images_C2/EndoCV2021_001171.jpg,/work/vajira/data/EndoCV_2021/new_data_v2/trainData_EndoCV2021_21_Feb2021-V2/data_C2/masks_C2/EndoCV2021_001171_mask.jpg
/work/vajira/data/EndoCV_2021/new_data_v2/trainData_EndoCV2021_21_Feb2021-V2/data_C2/images_C2/EndoCV2021_001131.jpg,/work/vajira/data/EndoCV_2021/new_data_v2/trainData_EndoCV2021_21_Feb2021-V2/data_C2/masks_C2/EndoCV2021_001131_mask.jpg
/work/vajira/data/EndoCV_2021/new_data_v2/trainData_EndoCV2021_21_Feb2021-V2/data_C2/images_C2/EndoCV2021_001407.jpg,/work/vajira/data/EndoCV_2021/new_data_v2/trainData_EndoCV2021_21_Feb2021-V2/data_C2/masks_C2/EndoCV2021_001407_mask.jpg
/work/vajira/data/EndoCV_2021/new_data_v2/trainData_EndoCV2021_21_Feb2021-V2/data_C2/images_C2/EndoCV2021_001232.jpg,/work/vajira/data/EndoCV_2021/new_data_v2/trainData_EndoCV2021_21_Feb2021-V2/data_C2/masks_C2/EndoCV2021_001232_mask.jpg
/work/vajira/data/EndoCV_2021/new_data_v2/trainData_EndoCV2021_21_Feb2021-V2/data_C2/images_C2/EndoCV2021_001219.jpg,/work/vajira/data/EndoCV_2021/new_data_v2/trainData_EndoCV2021_21_Feb2021-V2/data_C2/masks_C2/EndoCV2021_001219_mask.jpg
/work/vajira/data/EndoCV_2021/new_data_v2/trainData_EndoCV2021_21_Feb2021-V2/data_C2/images_C2/EndoCV2021_001216.jpg,/work/vajira/data/EndoCV_2021/new_data_v2/trainData_EndoCV2021_21_Feb2021-V2/data_C2/masks_C2/EndoCV2021_001216_mask.jpg
/work/vajira/data/EndoCV_2021/new_data_v2/trainData_EndoCV2021_21_Feb2021-V2/data_C2/images_C2/EndoCV2021_001363.jpg,/work/vajira/data/EndoCV_2021/new_data_v2/trainData_EndoCV2021_21_Feb2021-V2/data_C2/masks_C2/EndoCV2021_001363_mask.jpg
/work/vajira/data/EndoCV_2021/new_data_v2/trainData_EndoCV2021_21_Feb2021-V2/data_C2/images_C2/EndoCV2021_001342.jpg,/work/vajira/data/EndoCV_2021/new_data_v2/trainData_EndoCV2021_21_Feb2021-V2/data_C2/masks_C2/EndoCV2021_001342_mask.jpg
/work/vajira/data/EndoCV_2021/new_data_v2/trainData_EndoCV2021_21_Feb2021-V2/data_C2/images_C2/EndoCV2021_001315.jpg,/work/vajira/data/EndoCV_2021/new_data_v2/trainData_EndoCV2021_21_Feb2021-V2/data_C2/masks_C2/EndoCV2021_001315_mask.jpg
/work/vajira/data/EndoCV_2021/new_data_v2/trainData_EndoCV2021_21_Feb2021-V2/data_C2/images_C2/EndoCV2021_001162.jpg,/work/vajira/data/EndoCV_2021/new_data_v2/trainData_EndoCV2021_21_Feb2021-V2/data_C2/masks_C2/EndoCV2021_001162_mask.jpg
/work/vajira/data/EndoCV_2021/new_data_v2/trainData_EndoCV2021_21_Feb2021-V2/data_C2/images_C2/EndoCV2021_001431.jpg,/work/vajira/data/EndoCV_2021/new_data_v2/trainData_EndoCV2021_21_Feb2021-V2/data_C2/masks_C2/EndoCV2021_001431_mask.jpg
/work/vajira/data/EndoCV_2021/new_data_v2/trainData_EndoCV2021_21_Feb2021-V2/data_C2/images_C2/EndoCV2021_001045.jpg,/work/vajira/data/EndoCV_2021/new_data_v2/trainData_EndoCV2021_21_Feb2021-V2/data_C2/masks_C2/EndoCV2021_001045_mask.jpg
/work/vajira/data/EndoCV_2021/new_data_v2/trainData_EndoCV2021_21_Feb2021-V2/data_C2/images_C2/EndoCV2021_001299.jpg,/work/vajira/data/EndoCV_2021/new_data_v2/trainData_EndoCV2021_21_Feb2021-V2/data_C2/masks_C2/EndoCV2021_001299_mask.jpg
/work/vajira/data/EndoCV_2021/new_data_v2/trainData_EndoCV2021_21_Feb2021-V2/data_C2/images_C2/EndoCV2021_001061.jpg,/work/vajira/data/EndoCV_2021/new_data_v2/trainData_EndoCV2021_21_Feb2021-V2/data_C2/masks_C2/EndoCV2021_001061_mask.jpg
/work/vajira/data/EndoCV_2021/new_data_v2/trainData_EndoCV2021_21_Feb2021-V2/data_C2/images_C2/EndoCV2021_001325.jpg,/work/vajira/data/EndoCV_2021/new_data_v2/trainData_EndoCV2021_21_Feb2021-V2/data_C2/masks_C2/EndoCV2021_001325_mask.jpg
/work/vajira/data/EndoCV_2021/new_data_v2/trainData_EndoCV2021_21_Feb2021-V2/data_C2/images_C2/EndoCV2021_001330.jpg,/work/vajira/data/EndoCV_2021/new_data_v2/trainData_EndoCV2021_21_Feb2021-V2/data_C2/masks_C2/EndoCV2021_001330_mask.jpg
/work/vajira/data/EndoCV_2021/new_data_v2/trainData_EndoCV2021_21_Feb2021-V2/data_C2/images_C2/EndoCV2021_001150.jpg,/work/vajira/data/EndoCV_2021/new_data_v2/trainData_EndoCV2021_21_Feb2021-V2/data_C2/masks_C2/EndoCV2021_001150_mask.jpg
/work/vajira/data/EndoCV_2021/new_data_v2/trainData_EndoCV2021_21_Feb2021-V2/data_C2/images_C2/EndoCV2021_001427.jpg,/work/vajira/data/EndoCV_2021/new_data_v2/trainData_EndoCV2021_21_Feb2021-V2/data_C2/masks_C2/EndoCV2021_001427_mask.jpg
/work/vajira/data/EndoCV_2021/new_data_v2/trainData_EndoCV2021_21_Feb2021-V2/data_C2/images_C2/EndoCV2021_001247.jpg,/work/vajira/data/EndoCV_2021/new_data_v2/trainData_EndoCV2021_21_Feb2021-V2/data_C2/masks_C2/EndoCV2021_001247_mask.jpg
/work/vajira/data/EndoCV_2021/new_data_v2/trainData_EndoCV2021_21_Feb2021-V2/data_C2/images_C2/EndoCV2021_001091.jpg,/work/vajira/data/EndoCV_2021/new_data_v2/trainData_EndoCV2021_21_Feb2021-V2/data_C2/masks_C2/EndoCV2021_001091_mask.jpg
/work/vajira/data/EndoCV_2021/new_data_v2/trainData_EndoCV2021_21_Feb2021-V2/data_C2/images_C2/EndoCV2021_001343.jpg,/work/vajira/data/EndoCV_2021/new_data_v2/trainData_EndoCV2021_21_Feb2021-V2/data_C2/masks_C2/EndoCV2021_001343_mask.jpg
/work/vajira/data/EndoCV_2021/new_data_v2/trainData_EndoCV2021_21_Feb2021-V2/data_C2/images_C2/EndoCV2021_001224.jpg,/work/vajira/data/EndoCV_2021/new_data_v2/trainData_EndoCV2021_21_Feb2021-V2/data_C2/masks_C2/EndoCV2021_001224_mask.jpg
/work/vajira/data/EndoCV_2021/new_data_v2/trainData_EndoCV2021_21_Feb2021-V2/data_C2/images_C2/EndoCV2021_001248.jpg,/work/vajira/data/EndoCV_2021/new_data_v2/trainData_EndoCV2021_21_Feb2021-V2/data_C2/masks_C2/EndoCV2021_001248_mask.jpg
/work/vajira/data/EndoCV_2021/new_data_v2/trainData_EndoCV2021_21_Feb2021-V2/data_C2/images_C2/EndoCV2021_001011.jpg,/work/vajira/data/EndoCV_2021/new_data_v2/trainData_EndoCV2021_21_Feb2021-V2/data_C2/masks_C2/EndoCV2021_001011_mask.jpg
/work/vajira/data/EndoCV_2021/new_data_v2/trainData_EndoCV2021_21_Feb2021-V2/data_C2/images_C2/EndoCV2021_001028.jpg,/work/vajira/data/EndoCV_2021/new_data_v2/trainData_EndoCV2021_21_Feb2021-V2/data_C2/masks_C2/EndoCV2021_001028_mask.jpg
/work/vajira/data/EndoCV_2021/new_data_v2/trainData_EndoCV2021_21_Feb2021-V2/data_C2/images_C2/EndoCV2021_001279.jpg,/work/vajira/data/EndoCV_2021/new_data_v2/trainData_EndoCV2021_21_Feb2021-V2/data_C2/masks_C2/EndoCV2021_001279_mask.jpg
/work/vajira/data/EndoCV_2021/new_data_v2/trainData_EndoCV2021_21_Feb2021-V2/data_C2/images_C2/EndoCV2021_001192.jpg,/work/vajira/data/EndoCV_2021/new_data_v2/trainData_EndoCV2021_21_Feb2021-V2/data_C2/masks_C2/EndoCV2021_001192_mask.jpg
/work/vajira/data/EndoCV_2021/new_data_v2/trainData_EndoCV2021_21_Feb2021-V2/data_C2/images_C2/EndoCV2021_001035.jpg,/work/vajira/data/EndoCV_2021/new_data_v2/trainData_EndoCV2021_21_Feb2021-V2/data_C2/masks_C2/EndoCV2021_001035_mask.jpg
/work/vajira/data/EndoCV_2021/new_data_v2/trainData_EndoCV2021_21_Feb2021-V2/data_C2/images_C2/EndoCV2021_001285.jpg,/work/vajira/data/EndoCV_2021/new_data_v2/trainData_EndoCV2021_21_Feb2021-V2/data_C2/masks_C2/EndoCV2021_001285_mask.jpg
/work/vajira/data/EndoCV_2021/new_data_v2/trainData_EndoCV2021_21_Feb2021-V2/data_C2/images_C2/EndoCV2021_001137.jpg,/work/vajira/data/EndoCV_2021/new_data_v2/trainData_EndoCV2021_21_Feb2021-V2/data_C2/masks_C2/EndoCV2021_001137_mask.jpg
/work/vajira/data/EndoCV_2021/new_data_v2/trainData_EndoCV2021_21_Feb2021-V2/data_C2/images_C2/EndoCV2021_001393.jpg,/work/vajira/data/EndoCV_2021/new_data_v2/trainData_EndoCV2021_21_Feb2021-V2/data_C2/masks_C2/EndoCV2021_001393_mask.jpg
/work/vajira/data/EndoCV_2021/new_data_v2/trainData_EndoCV2021_21_Feb2021-V2/data_C2/images_C2/EndoCV2021_001397.jpg,/work/vajira/data/EndoCV_2021/new_data_v2/trainData_EndoCV2021_21_Feb2021-V2/data_C2/masks_C2/EndoCV2021_001397_mask.jpg
/work/vajira/data/EndoCV_2021/new_data_v2/trainData_EndoCV2021_21_Feb2021-V2/data_C2/images_C2/EndoCV2021_001104.jpg,/work/vajira/data/EndoCV_2021/new_data_v2/trainData_EndoCV2021_21_Feb2021-V2/data_C2/masks_C2/EndoCV2021_001104_mask.jpg
/work/vajira/data/EndoCV_2021/new_data_v2/trainData_EndoCV2021_21_Feb2021-V2/data_C2/images_C2/EndoCV2021_001113.jpg,/work/vajira/data/EndoCV_2021/new_data_v2/trainData_EndoCV2021_21_Feb2021-V2/data_C2/masks_C2/EndoCV2021_001113_mask.jpg
/work/vajira/data/EndoCV_2021/new_data_v2/trainData_EndoCV2021_21_Feb2021-V2/data_C2/images_C2/EndoCV2021_001391.jpg,/work/vajira/data/EndoCV_2021/new_data_v2/trainData_EndoCV2021_21_Feb2021-V2/data_C2/masks_C2/EndoCV2021_001391_mask.jpg
/work/vajira/data/EndoCV_2021/new_data_v2/trainData_EndoCV2021_21_Feb2021-V2/data_C2/images_C2/EndoCV2021_001376.jpg,/work/vajira/data/EndoCV_2021/new_data_v2/trainData_EndoCV2021_21_Feb2021-V2/data_C2/masks_C2/EndoCV2021_001376_mask.jpg
/work/vajira/data/EndoCV_2021/new_data_v2/trainData_EndoCV2021_21_Feb2021-V2/data_C2/images_C2/EndoCV2021_001274.jpg,/work/vajira/data/EndoCV_2021/new_data_v2/trainData_EndoCV2021_21_Feb2021-V2/data_C2/masks_C2/EndoCV2021_001274_mask.jpg
/work/vajira/data/EndoCV_2021/new_data_v2/trainData_EndoCV2021_21_Feb2021-V2/data_C2/images_C2/EndoCV2021_001063.jpg,/work/vajira/data/EndoCV_2021/new_data_v2/trainData_EndoCV2021_21_Feb2021-V2/data_C2/masks_C2/EndoCV2021_001063_mask.jpg
/work/vajira/data/EndoCV_2021/new_data_v2/trainData_EndoCV2021_21_Feb2021-V2/data_C2/images_C2/EndoCV2021_001022.jpg,/work/vajira/data/EndoCV_2021/new_data_v2/trainData_EndoCV2021_21_Feb2021-V2/data_C2/masks_C2/EndoCV2021_001022_mask.jpg
/work/vajira/data/EndoCV_2021/new_data_v2/trainData_EndoCV2021_21_Feb2021-V2/data_C2/images_C2/EndoCV2021_001005.jpg,/work/vajira/data/EndoCV_2021/new_data_v2/trainData_EndoCV2021_21_Feb2021-V2/data_C2/masks_C2/EndoCV2021_001005_mask.jpg
/work/vajira/data/EndoCV_2021/new_data_v2/trainData_EndoCV2021_21_Feb2021-V2/data_C2/images_C2/EndoCV2021_001239.jpg,/work/vajira/data/EndoCV_2021/new_data_v2/trainData_EndoCV2021_21_Feb2021-V2/data_C2/masks_C2/EndoCV2021_001239_mask.jpg
/work/vajira/data/EndoCV_2021/new_data_v2/trainData_EndoCV2021_21_Feb2021-V2/data_C2/images_C2/EndoCV2021_001394.jpg,/work/vajira/data/EndoCV_2021/new_data_v2/trainData_EndoCV2021_21_Feb2021-V2/data_C2/masks_C2/EndoCV2021_001394_mask.jpg
/work/vajira/data/EndoCV_2021/new_data_v2/trainData_EndoCV2021_21_Feb2021-V2/data_C2/images_C2/EndoCV2021_001317.jpg,/work/vajira/data/EndoCV_2021/new_data_v2/trainData_EndoCV2021_21_Feb2021-V2/data_C2/masks_C2/EndoCV2021_001317_mask.jpg
/work/vajira/data/EndoCV_2021/new_data_v2/trainData_EndoCV2021_21_Feb2021-V2/data_C2/images_C2/EndoCV2021_001336.jpg,/work/vajira/data/EndoCV_2021/new_data_v2/trainData_EndoCV2021_21_Feb2021-V2/data_C2/masks_C2/EndoCV2021_001336_mask.jpg
/work/vajira/data/EndoCV_2021/new_data_v2/trainData_EndoCV2021_21_Feb2021-V2/data_C2/images_C2/EndoCV2021_001259.jpg,/work/vajira/data/EndoCV_2021/new_data_v2/trainData_EndoCV2021_21_Feb2021-V2/data_C2/masks_C2/EndoCV2021_001259_mask.jpg
/work/vajira/data/EndoCV_2021/new_data_v2/trainData_EndoCV2021_21_Feb2021-V2/data_C2/images_C2/EndoCV2021_001245.jpg,/work/vajira/data/EndoCV_2021/new_data_v2/trainData_EndoCV2021_21_Feb2021-V2/data_C2/masks_C2/EndoCV2021_001245_mask.jpg
/work/vajira/data/EndoCV_2021/new_data_v2/trainData_EndoCV2021_21_Feb2021-V2/data_C2/images_C2/EndoCV2021_001215.jpg,/work/vajira/data/EndoCV_2021/new_data_v2/trainData_EndoCV2021_21_Feb2021-V2/data_C2/masks_C2/EndoCV2021_001215_mask.jpg
/work/vajira/data/EndoCV_2021/new_data_v2/trainData_EndoCV2021_21_Feb2021-V2/data_C2/images_C2/EndoCV2021_001429.jpg,/work/vajira/data/EndoCV_2021/new_data_v2/trainData_EndoCV2021_21_Feb2021-V2/data_C2/masks_C2/EndoCV2021_001429_mask.jpg
/work/vajira/data/EndoCV_2021/new_data_v2/trainData_EndoCV2021_21_Feb2021-V2/data_C2/images_C2/EndoCV2021_001179.jpg,/work/vajira/data/EndoCV_2021/new_data_v2/trainData_EndoCV2021_21_Feb2021-V2/data_C2/masks_C2/EndoCV2021_001179_mask.jpg
/work/vajira/data/EndoCV_2021/new_data_v2/trainData_EndoCV2021_21_Feb2021-V2/data_C2/images_C2/EndoCV2021_001396.jpg,/work/vajira/data/EndoCV_2021/new_data_v2/trainData_EndoCV2021_21_Feb2021-V2/data_C2/masks_C2/EndoCV2021_001396_mask.jpg
/work/vajira/data/EndoCV_2021/new_data_v2/trainData_EndoCV2021_21_Feb2021-V2/data_C2/images_C2/EndoCV2021_001334.jpg,/work/vajira/data/EndoCV_2021/new_data_v2/trainData_EndoCV2021_21_Feb2021-V2/data_C2/masks_C2/EndoCV2021_001334_mask.jpg
/work/vajira/data/EndoCV_2021/new_data_v2/trainData_EndoCV2021_21_Feb2021-V2/data_C2/images_C2/EndoCV2021_001380.jpg,/work/vajira/data/EndoCV_2021/new_data_v2/trainData_EndoCV2021_21_Feb2021-V2/data_C2/masks_C2/EndoCV2021_001380_mask.jpg
/work/vajira/data/EndoCV_2021/new_data_v2/trainData_EndoCV2021_21_Feb2021-V2/data_C2/images_C2/EndoCV2021_001165.jpg,/work/vajira/data/EndoCV_2021/new_data_v2/trainData_EndoCV2021_21_Feb2021-V2/data_C2/masks_C2/EndoCV2021_001165_mask.jpg
/work/vajira/data/EndoCV_2021/new_data_v2/trainData_EndoCV2021_21_Feb2021-V2/data_C2/images_C2/EndoCV2021_001149.jpg,/work/vajira/data/EndoCV_2021/new_data_v2/trainData_EndoCV2021_21_Feb2021-V2/data_C2/masks_C2/EndoCV2021_001149_mask.jpg
/work/vajira/data/EndoCV_2021/new_data_v2/trainData_EndoCV2021_21_Feb2021-V2/data_C2/images_C2/EndoCV2021_001349.jpg,/work/vajira/data/EndoCV_2021/new_data_v2/trainData_EndoCV2021_21_Feb2021-V2/data_C2/masks_C2/EndoCV2021_001349_mask.jpg
/work/vajira/data/EndoCV_2021/new_data_v2/trainData_EndoCV2021_21_Feb2021-V2/data_C2/images_C2/EndoCV2021_001071.jpg,/work/vajira/data/EndoCV_2021/new_data_v2/trainData_EndoCV2021_21_Feb2021-V2/data_C2/masks_C2/EndoCV2021_001071_mask.jpg
/work/vajira/data/EndoCV_2021/new_data_v2/trainData_EndoCV2021_21_Feb2021-V2/data_C2/images_C2/EndoCV2021_001364.jpg,/work/vajira/data/EndoCV_2021/new_data_v2/trainData_EndoCV2021_21_Feb2021-V2/data_C2/masks_C2/EndoCV2021_001364_mask.jpg
/work/vajira/data/EndoCV_2021/new_data_v2/trainData_EndoCV2021_21_Feb2021-V2/data_C2/images_C2/EndoCV2021_001025.jpg,/work/vajira/data/EndoCV_2021/new_data_v2/trainData_EndoCV2021_21_Feb2021-V2/data_C2/masks_C2/EndoCV2021_001025_mask.jpg
/work/vajira/data/EndoCV_2021/new_data_v2/trainData_EndoCV2021_21_Feb2021-V2/data_C2/images_C2/EndoCV2021_001127.jpg,/work/vajira/data/EndoCV_2021/new_data_v2/trainData_EndoCV2021_21_Feb2021-V2/data_C2/masks_C2/EndoCV2021_001127_mask.jpg
/work/vajira/data/EndoCV_2021/new_data_v2/trainData_EndoCV2021_21_Feb2021-V2/data_C2/images_C2/EndoCV2021_001097.jpg,/work/vajira/data/EndoCV_2021/new_data_v2/trainData_EndoCV2021_21_Feb2021-V2/data_C2/masks_C2/EndoCV2021_001097_mask.jpg
/work/vajira/data/EndoCV_2021/new_data_v2/trainData_EndoCV2021_21_Feb2021-V2/data_C2/images_C2/EndoCV2021_001418.jpg,/work/vajira/data/EndoCV_2021/new_data_v2/trainData_EndoCV2021_21_Feb2021-V2/data_C2/masks_C2/EndoCV2021_001418_mask.jpg
/work/vajira/data/EndoCV_2021/new_data_v2/trainData_EndoCV2021_21_Feb2021-V2/data_C2/images_C2/EndoCV2021_001378.jpg,/work/vajira/data/EndoCV_2021/new_data_v2/trainData_EndoCV2021_21_Feb2021-V2/data_C2/masks_C2/EndoCV2021_001378_mask.jpg
/work/vajira/data/EndoCV_2021/new_data_v2/trainData_EndoCV2021_21_Feb2021-V2/data_C2/images_C2/EndoCV2021_001256.jpg,/work/vajira/data/EndoCV_2021/new_data_v2/trainData_EndoCV2021_21_Feb2021-V2/data_C2/masks_C2/EndoCV2021_001256_mask.jpg
/work/vajira/data/EndoCV_2021/new_data_v2/trainData_EndoCV2021_21_Feb2021-V2/data_C2/images_C2/EndoCV2021_001338.jpg,/work/vajira/data/EndoCV_2021/new_data_v2/trainData_EndoCV2021_21_Feb2021-V2/data_C2/masks_C2/EndoCV2021_001338_mask.jpg
/work/vajira/data/EndoCV_2021/new_data_v2/trainData_EndoCV2021_21_Feb2021-V2/data_C2/images_C2/EndoCV2021_001303.jpg,/work/vajira/data/EndoCV_2021/new_data_v2/trainData_EndoCV2021_21_Feb2021-V2/data_C2/masks_C2/EndoCV2021_001303_mask.jpg
/work/vajira/data/EndoCV_2021/new_data_v2/trainData_EndoCV2021_21_Feb2021-V2/data_C2/images_C2/EndoCV2021_001014.jpg,/work/vajira/data/EndoCV_2021/new_data_v2/trainData_EndoCV2021_21_Feb2021-V2/data_C2/masks_C2/EndoCV2021_001014_mask.jpg
/work/vajira/data/EndoCV_2021/new_data_v2/trainData_EndoCV2021_21_Feb2021-V2/data_C2/images_C2/EndoCV2021_001138.jpg,/work/vajira/data/EndoCV_2021/new_data_v2/trainData_EndoCV2021_21_Feb2021-V2/data_C2/masks_C2/EndoCV2021_001138_mask.jpg
/work/vajira/data/EndoCV_2021/new_data_v2/trainData_EndoCV2021_21_Feb2021-V2/data_C2/images_C2/EndoCV2021_001241.jpg,/work/vajira/data/EndoCV_2021/new_data_v2/trainData_EndoCV2021_21_Feb2021-V2/data_C2/masks_C2/EndoCV2021_001241_mask.jpg
/work/vajira/data/EndoCV_2021/new_data_v2/trainData_EndoCV2021_21_Feb2021-V2/data_C2/images_C2/EndoCV2021_001161.jpg,/work/vajira/data/EndoCV_2021/new_data_v2/trainData_EndoCV2021_21_Feb2021-V2/data_C2/masks_C2/EndoCV2021_001161_mask.jpg
/work/vajira/data/EndoCV_2021/new_data_v2/trainData_EndoCV2021_21_Feb2021-V2/data_C2/images_C2/EndoCV2021_001141.jpg,/work/vajira/data/EndoCV_2021/new_data_v2/trainData_EndoCV2021_21_Feb2021-V2/data_C2/masks_C2/EndoCV2021_001141_mask.jpg
/work/vajira/data/EndoCV_2021/new_data_v2/trainData_EndoCV2021_21_Feb2021-V2/data_C2/images_C2/EndoCV2021_001234.jpg,/work/vajira/data/EndoCV_2021/new_data_v2/trainData_EndoCV2021_21_Feb2021-V2/data_C2/masks_C2/EndoCV2021_001234_mask.jpg
/work/vajira/data/EndoCV_2021/new_data_v2/trainData_EndoCV2021_21_Feb2021-V2/data_C2/images_C2/EndoCV2021_001308.jpg,/work/vajira/data/EndoCV_2021/new_data_v2/trainData_EndoCV2021_21_Feb2021-V2/data_C2/masks_C2/EndoCV2021_001308_mask.jpg
/work/vajira/data/EndoCV_2021/new_data_v2/trainData_EndoCV2021_21_Feb2021-V2/data_C2/images_C2/EndoCV2021_001382.jpg,/work/vajira/data/EndoCV_2021/new_data_v2/trainData_EndoCV2021_21_Feb2021-V2/data_C2/masks_C2/EndoCV2021_001382_mask.jpg
/work/vajira/data/EndoCV_2021/new_data_v2/trainData_EndoCV2021_21_Feb2021-V2/data_C2/images_C2/EndoCV2021_001060.jpg,/work/vajira/data/EndoCV_2021/new_data_v2/trainData_EndoCV2021_21_Feb2021-V2/data_C2/masks_C2/EndoCV2021_001060_mask.jpg
/work/vajira/data/EndoCV_2021/new_data_v2/trainData_EndoCV2021_21_Feb2021-V2/data_C2/images_C2/EndoCV2021_001001.jpg,/work/vajira/data/EndoCV_2021/new_data_v2/trainData_EndoCV2021_21_Feb2021-V2/data_C2/masks_C2/EndoCV2021_001001_mask.jpg
/work/vajira/data/EndoCV_2021/new_data_v2/trainData_EndoCV2021_21_Feb2021-V2/data_C2/images_C2/EndoCV2021_001032.jpg,/work/vajira/data/EndoCV_2021/new_data_v2/trainData_EndoCV2021_21_Feb2021-V2/data_C2/masks_C2/EndoCV2021_001032_mask.jpg
/work/vajira/data/EndoCV_2021/new_data_v2/trainData_EndoCV2021_21_Feb2021-V2/data_C2/images_C2/EndoCV2021_001236.jpg,/work/vajira/data/EndoCV_2021/new_data_v2/trainData_EndoCV2021_21_Feb2021-V2/data_C2/masks_C2/EndoCV2021_001236_mask.jpg
/work/vajira/data/EndoCV_2021/new_data_v2/trainData_EndoCV2021_21_Feb2021-V2/data_C2/images_C2/EndoCV2021_001243.jpg,/work/vajira/data/EndoCV_2021/new_data_v2/trainData_EndoCV2021_21_Feb2021-V2/data_C2/masks_C2/EndoCV2021_001243_mask.jpg
/work/vajira/data/EndoCV_2021/new_data_v2/trainData_EndoCV2021_21_Feb2021-V2/data_C2/images_C2/EndoCV2021_001369.jpg,/work/vajira/data/EndoCV_2021/new_data_v2/trainData_EndoCV2021_21_Feb2021-V2/data_C2/masks_C2/EndoCV2021_001369_mask.jpg
/work/vajira/data/EndoCV_2021/new_data_v2/trainData_EndoCV2021_21_Feb2021-V2/data_C2/images_C2/EndoCV2021_001186.jpg,/work/vajira/data/EndoCV_2021/new_data_v2/trainData_EndoCV2021_21_Feb2021-V2/data_C2/masks_C2/EndoCV2021_001186_mask.jpg
/work/vajira/data/EndoCV_2021/new_data_v2/trainData_EndoCV2021_21_Feb2021-V2/data_C2/images_C2/EndoCV2021_001271.jpg,/work/vajira/data/EndoCV_2021/new_data_v2/trainData_EndoCV2021_21_Feb2021-V2/data_C2/masks_C2/EndoCV2021_001271_mask.jpg
/work/vajira/data/EndoCV_2021/new_data_v2/trainData_EndoCV2021_21_Feb2021-V2/data_C2/images_C2/EndoCV2021_001056.jpg,/work/vajira/data/EndoCV_2021/new_data_v2/trainData_EndoCV2021_21_Feb2021-V2/data_C2/masks_C2/EndoCV2021_001056_mask.jpg
/work/vajira/data/EndoCV_2021/new_data_v2/trainData_EndoCV2021_21_Feb2021-V2/data_C2/images_C2/EndoCV2021_001280.jpg,/work/vajira/data/EndoCV_2021/new_data_v2/trainData_EndoCV2021_21_Feb2021-V2/data_C2/masks_C2/EndoCV2021_001280_mask.jpg
/work/vajira/data/EndoCV_2021/new_data_v2/trainData_EndoCV2021_21_Feb2021-V2/data_C2/images_C2/EndoCV2021_001360.jpg,/work/vajira/data/EndoCV_2021/new_data_v2/trainData_EndoCV2021_21_Feb2021-V2/data_C2/masks_C2/EndoCV2021_001360_mask.jpg
/work/vajira/data/EndoCV_2021/new_data_v2/trainData_EndoCV2021_21_Feb2021-V2/data_C2/images_C2/EndoCV2021_001009.jpg,/work/vajira/data/EndoCV_2021/new_data_v2/trainData_EndoCV2021_21_Feb2021-V2/data_C2/masks_C2/EndoCV2021_001009_mask.jpg
/work/vajira/data/EndoCV_2021/new_data_v2/trainData_EndoCV2021_21_Feb2021-V2/data_C2/images_C2/EndoCV2021_001329.jpg,/work/vajira/data/EndoCV_2021/new_data_v2/trainData_EndoCV2021_21_Feb2021-V2/data_C2/masks_C2/EndoCV2021_001329_mask.jpg
/work/vajira/data/EndoCV_2021/new_data_v2/trainData_EndoCV2021_21_Feb2021-V2/data_C2/images_C2/EndoCV2021_001090.jpg,/work/vajira/data/EndoCV_2021/new_data_v2/trainData_EndoCV2021_21_Feb2021-V2/data_C2/masks_C2/EndoCV2021_001090_mask.jpg
/work/vajira/data/EndoCV_2021/new_data_v2/trainData_EndoCV2021_21_Feb2021-V2/data_C2/images_C2/EndoCV2021_001321.jpg,/work/vajira/data/EndoCV_2021/new_data_v2/trainData_EndoCV2021_21_Feb2021-V2/data_C2/masks_C2/EndoCV2021_001321_mask.jpg
/work/vajira/data/EndoCV_2021/new_data_v2/trainData_EndoCV2021_21_Feb2021-V2/data_C2/images_C2/EndoCV2021_001107.jpg,/work/vajira/data/EndoCV_2021/new_data_v2/trainData_EndoCV2021_21_Feb2021-V2/data_C2/masks_C2/EndoCV2021_001107_mask.jpg
/work/vajira/data/EndoCV_2021/new_data_v2/trainData_EndoCV2021_21_Feb2021-V2/data_C2/images_C2/EndoCV2021_001207.jpg,/work/vajira/data/EndoCV_2021/new_data_v2/trainData_EndoCV2021_21_Feb2021-V2/data_C2/masks_C2/EndoCV2021_001207_mask.jpg
/work/vajira/data/EndoCV_2021/new_data_v2/trainData_EndoCV2021_21_Feb2021-V2/data_C2/images_C2/EndoCV2021_001253.jpg,/work/vajira/data/EndoCV_2021/new_data_v2/trainData_EndoCV2021_21_Feb2021-V2/data_C2/masks_C2/EndoCV2021_001253_mask.jpg
/work/vajira/data/EndoCV_2021/new_data_v2/trainData_EndoCV2021_21_Feb2021-V2/data_C2/images_C2/EndoCV2021_001013.jpg,/work/vajira/data/EndoCV_2021/new_data_v2/trainData_EndoCV2021_21_Feb2021-V2/data_C2/masks_C2/EndoCV2021_001013_mask.jpg
/work/vajira/data/EndoCV_2021/new_data_v2/trainData_EndoCV2021_21_Feb2021-V2/data_C2/images_C2/EndoCV2021_001362.jpg,/work/vajira/data/EndoCV_2021/new_data_v2/trainData_EndoCV2021_21_Feb2021-V2/data_C2/masks_C2/EndoCV2021_001362_mask.jpg
/work/vajira/data/EndoCV_2021/new_data_v2/trainData_EndoCV2021_21_Feb2021-V2/data_C2/images_C2/EndoCV2021_001054.jpg,/work/vajira/data/EndoCV_2021/new_data_v2/trainData_EndoCV2021_21_Feb2021-V2/data_C2/masks_C2/EndoCV2021_001054_mask.jpg
/work/vajira/data/EndoCV_2021/new_data_v2/trainData_EndoCV2021_21_Feb2021-V2/data_C2/images_C2/EndoCV2021_001194.jpg,/work/vajira/data/EndoCV_2021/new_data_v2/trainData_EndoCV2021_21_Feb2021-V2/data_C2/masks_C2/EndoCV2021_001194_mask.jpg
/work/vajira/data/EndoCV_2021/new_data_v2/trainData_EndoCV2021_21_Feb2021-V2/data_C2/images_C2/EndoCV2021_001040.jpg,/work/vajira/data/EndoCV_2021/new_data_v2/trainData_EndoCV2021_21_Feb2021-V2/data_C2/masks_C2/EndoCV2021_001040_mask.jpg
/work/vajira/data/EndoCV_2021/new_data_v2/trainData_EndoCV2021_21_Feb2021-V2/data_C2/images_C2/EndoCV2021_001155.jpg,/work/vajira/data/EndoCV_2021/new_data_v2/trainData_EndoCV2021_21_Feb2021-V2/data_C2/masks_C2/EndoCV2021_001155_mask.jpg
/work/vajira/data/EndoCV_2021/new_data_v2/trainData_EndoCV2021_21_Feb2021-V2/data_C2/images_C2/EndoCV2021_001036.jpg,/work/vajira/data/EndoCV_2021/new_data_v2/trainData_EndoCV2021_21_Feb2021-V2/data_C2/masks_C2/EndoCV2021_001036_mask.jpg
/work/vajira/data/EndoCV_2021/new_data_v2/trainData_EndoCV2021_21_Feb2021-V2/data_C2/images_C2/EndoCV2021_001408.jpg,/work/vajira/data/EndoCV_2021/new_data_v2/trainData_EndoCV2021_21_Feb2021-V2/data_C2/masks_C2/EndoCV2021_001408_mask.jpg
/work/vajira/data/EndoCV_2021/new_data_v2/trainData_EndoCV2021_21_Feb2021-V2/data_C2/images_C2/EndoCV2021_001309.jpg,/work/vajira/data/EndoCV_2021/new_data_v2/trainData_EndoCV2021_21_Feb2021-V2/data_C2/masks_C2/EndoCV2021_001309_mask.jpg
/work/vajira/data/EndoCV_2021/new_data_v2/trainData_EndoCV2021_21_Feb2021-V2/data_C2/images_C2/EndoCV2021_001166.jpg,/work/vajira/data/EndoCV_2021/new_data_v2/trainData_EndoCV2021_21_Feb2021-V2/data_C2/masks_C2/EndoCV2021_001166_mask.jpg
/work/vajira/data/EndoCV_2021/new_data_v2/trainData_EndoCV2021_21_Feb2021-V2/data_C2/images_C2/EndoCV2021_001266.jpg,/work/vajira/data/EndoCV_2021/new_data_v2/trainData_EndoCV2021_21_Feb2021-V2/data_C2/masks_C2/EndoCV2021_001266_mask.jpg
/work/vajira/data/EndoCV_2021/new_data_v2/trainData_EndoCV2021_21_Feb2021-V2/data_C2/images_C2/EndoCV2021_001213.jpg,/work/vajira/data/EndoCV_2021/new_data_v2/trainData_EndoCV2021_21_Feb2021-V2/data_C2/masks_C2/EndoCV2021_001213_mask.jpg
/work/vajira/data/EndoCV_2021/new_data_v2/trainData_EndoCV2021_21_Feb2021-V2/data_C2/images_C2/EndoCV2021_001286.jpg,/work/vajira/data/EndoCV_2021/new_data_v2/trainData_EndoCV2021_21_Feb2021-V2/data_C2/masks_C2/EndoCV2021_001286_mask.jpg
/work/vajira/data/EndoCV_2021/new_data_v2/trainData_EndoCV2021_21_Feb2021-V2/data_C2/images_C2/EndoCV2021_001352.jpg,/work/vajira/data/EndoCV_2021/new_data_v2/trainData_EndoCV2021_21_Feb2021-V2/data_C2/masks_C2/EndoCV2021_001352_mask.jpg
/work/vajira/data/EndoCV_2021/new_data_v2/trainData_EndoCV2021_21_Feb2021-V2/data_C2/images_C2/EndoCV2021_001049.jpg,/work/vajira/data/EndoCV_2021/new_data_v2/trainData_EndoCV2021_21_Feb2021-V2/data_C2/masks_C2/EndoCV2021_001049_mask.jpg
/work/vajira/data/EndoCV_2021/new_data_v2/trainData_EndoCV2021_21_Feb2021-V2/data_C2/images_C2/EndoCV2021_001301.jpg,/work/vajira/data/EndoCV_2021/new_data_v2/trainData_EndoCV2021_21_Feb2021-V2/data_C2/masks_C2/EndoCV2021_001301_mask.jpg
/work/vajira/data/EndoCV_2021/new_data_v2/trainData_EndoCV2021_21_Feb2021-V2/data_C2/images_C2/EndoCV2021_001129.jpg,/work/vajira/data/EndoCV_2021/new_data_v2/trainData_EndoCV2021_21_Feb2021-V2/data_C2/masks_C2/EndoCV2021_001129_mask.jpg
/work/vajira/data/EndoCV_2021/new_data_v2/trainData_EndoCV2021_21_Feb2021-V2/data_C2/images_C2/EndoCV2021_001424.jpg,/work/vajira/data/EndoCV_2021/new_data_v2/trainData_EndoCV2021_21_Feb2021-V2/data_C2/masks_C2/EndoCV2021_001424_mask.jpg
/work/vajira/data/EndoCV_2021/new_data_v2/trainData_EndoCV2021_21_Feb2021-V2/data_C2/images_C2/EndoCV2021_001419.jpg,/work/vajira/data/EndoCV_2021/new_data_v2/trainData_EndoCV2021_21_Feb2021-V2/data_C2/masks_C2/EndoCV2021_001419_mask.jpg
/work/vajira/data/EndoCV_2021/new_data_v2/trainData_EndoCV2021_21_Feb2021-V2/data_C2/images_C2/EndoCV2021_001085.jpg,/work/vajira/data/EndoCV_2021/new_data_v2/trainData_EndoCV2021_21_Feb2021-V2/data_C2/masks_C2/EndoCV2021_001085_mask.jpg
/work/vajira/data/EndoCV_2021/new_data_v2/trainData_EndoCV2021_21_Feb2021-V2/data_C2/images_C2/EndoCV2021_001183.jpg,/work/vajira/data/EndoCV_2021/new_data_v2/trainData_EndoCV2021_21_Feb2021-V2/data_C2/masks_C2/EndoCV2021_001183_mask.jpg
/work/vajira/data/EndoCV_2021/new_data_v2/trainData_EndoCV2021_21_Feb2021-V2/data_C2/images_C2/EndoCV2021_001337.jpg,/work/vajira/data/EndoCV_2021/new_data_v2/trainData_EndoCV2021_21_Feb2021-V2/data_C2/masks_C2/EndoCV2021_001337_mask.jpg
/work/vajira/data/EndoCV_2021/new_data_v2/trainData_EndoCV2021_21_Feb2021-V2/data_C2/images_C2/EndoCV2021_001133.jpg,/work/vajira/data/EndoCV_2021/new_data_v2/trainData_EndoCV2021_21_Feb2021-V2/data_C2/masks_C2/EndoCV2021_001133_mask.jpg
/work/vajira/data/EndoCV_2021/new_data_v2/trainData_EndoCV2021_21_Feb2021-V2/data_C2/images_C2/EndoCV2021_001344.jpg,/work/vajira/data/EndoCV_2021/new_data_v2/trainData_EndoCV2021_21_Feb2021-V2/data_C2/masks_C2/EndoCV2021_001344_mask.jpg
/work/vajira/data/EndoCV_2021/new_data_v2/trainData_EndoCV2021_21_Feb2021-V2/data_C2/images_C2/EndoCV2021_001041.jpg,/work/vajira/data/EndoCV_2021/new_data_v2/trainData_EndoCV2021_21_Feb2021-V2/data_C2/masks_C2/EndoCV2021_001041_mask.jpg
/work/vajira/data/EndoCV_2021/new_data_v2/trainData_EndoCV2021_21_Feb2021-V2/data_C2/images_C2/EndoCV2021_001231.jpg,/work/vajira/data/EndoCV_2021/new_data_v2/trainData_EndoCV2021_21_Feb2021-V2/data_C2/masks_C2/EndoCV2021_001231_mask.jpg
/work/vajira/data/EndoCV_2021/new_data_v2/trainData_EndoCV2021_21_Feb2021-V2/data_C2/images_C2/EndoCV2021_001251.jpg,/work/vajira/data/EndoCV_2021/new_data_v2/trainData_EndoCV2021_21_Feb2021-V2/data_C2/masks_C2/EndoCV2021_001251_mask.jpg
/work/vajira/data/EndoCV_2021/new_data_v2/trainData_EndoCV2021_21_Feb2021-V2/data_C2/images_C2/EndoCV2021_001304.jpg,/work/vajira/data/EndoCV_2021/new_data_v2/trainData_EndoCV2021_21_Feb2021-V2/data_C2/masks_C2/EndoCV2021_001304_mask.jpg
/work/vajira/data/EndoCV_2021/new_data_v2/trainData_EndoCV2021_21_Feb2021-V2/data_C2/images_C2/EndoCV2021_001124.jpg,/work/vajira/data/EndoCV_2021/new_data_v2/trainData_EndoCV2021_21_Feb2021-V2/data_C2/masks_C2/EndoCV2021_001124_mask.jpg
/work/vajira/data/EndoCV_2021/new_data_v2/trainData_EndoCV2021_21_Feb2021-V2/data_C2/images_C2/EndoCV2021_001188.jpg,/work/vajira/data/EndoCV_2021/new_data_v2/trainData_EndoCV2021_21_Feb2021-V2/data_C2/masks_C2/EndoCV2021_001188_mask.jpg
/work/vajira/data/EndoCV_2021/new_data_v2/trainData_EndoCV2021_21_Feb2021-V2/data_C2/images_C2/EndoCV2021_001156.jpg,/work/vajira/data/EndoCV_2021/new_data_v2/trainData_EndoCV2021_21_Feb2021-V2/data_C2/masks_C2/EndoCV2021_001156_mask.jpg
/work/vajira/data/EndoCV_2021/new_data_v2/trainData_EndoCV2021_21_Feb2021-V2/data_C2/images_C2/EndoCV2021_001117.jpg,/work/vajira/data/EndoCV_2021/new_data_v2/trainData_EndoCV2021_21_Feb2021-V2/data_C2/masks_C2/EndoCV2021_001117_mask.jpg
/work/vajira/data/EndoCV_2021/new_data_v2/trainData_EndoCV2021_21_Feb2021-V2/data_C2/images_C2/EndoCV2021_001099.jpg,/work/vajira/data/EndoCV_2021/new_data_v2/trainData_EndoCV2021_21_Feb2021-V2/data_C2/masks_C2/EndoCV2021_001099_mask.jpg
/work/vajira/data/EndoCV_2021/new_data_v2/trainData_EndoCV2021_21_Feb2021-V2/data_C2/images_C2/EndoCV2021_001079.jpg,/work/vajira/data/EndoCV_2021/new_data_v2/trainData_EndoCV2021_21_Feb2021-V2/data_C2/masks_C2/EndoCV2021_001079_mask.jpg
/work/vajira/data/EndoCV_2021/new_data_v2/trainData_EndoCV2021_21_Feb2021-V2/data_C2/images_C2/EndoCV2021_001332.jpg,/work/vajira/data/EndoCV_2021/new_data_v2/trainData_EndoCV2021_21_Feb2021-V2/data_C2/masks_C2/EndoCV2021_001332_mask.jpg
/work/vajira/data/EndoCV_2021/new_data_v2/trainData_EndoCV2021_21_Feb2021-V2/data_C2/images_C2/EndoCV2021_001347.jpg,/work/vajira/data/EndoCV_2021/new_data_v2/trainData_EndoCV2021_21_Feb2021-V2/data_C2/masks_C2/EndoCV2021_001347_mask.jpg
/work/vajira/data/EndoCV_2021/new_data_v2/trainData_EndoCV2021_21_Feb2021-V2/data_C2/images_C2/EndoCV2021_001383.jpg,/work/vajira/data/EndoCV_2021/new_data_v2/trainData_EndoCV2021_21_Feb2021-V2/data_C2/masks_C2/EndoCV2021_001383_mask.jpg
/work/vajira/data/EndoCV_2021/new_data_v2/trainData_EndoCV2021_21_Feb2021-V2/data_C2/images_C2/EndoCV2021_001404.jpg,/work/vajira/data/EndoCV_2021/new_data_v2/trainData_EndoCV2021_21_Feb2021-V2/data_C2/masks_C2/EndoCV2021_001404_mask.jpg
/work/vajira/data/EndoCV_2021/new_data_v2/trainData_EndoCV2021_21_Feb2021-V2/data_C2/images_C2/EndoCV2021_001322.jpg,/work/vajira/data/EndoCV_2021/new_data_v2/trainData_EndoCV2021_21_Feb2021-V2/data_C2/masks_C2/EndoCV2021_001322_mask.jpg
/work/vajira/data/EndoCV_2021/new_data_v2/trainData_EndoCV2021_21_Feb2021-V2/data_C2/images_C2/EndoCV2021_001260.jpg,/work/vajira/data/EndoCV_2021/new_data_v2/trainData_EndoCV2021_21_Feb2021-V2/data_C2/masks_C2/EndoCV2021_001260_mask.jpg
/work/vajira/data/EndoCV_2021/new_data_v2/trainData_EndoCV2021_21_Feb2021-V2/data_C2/images_C2/EndoCV2021_001268.jpg,/work/vajira/data/EndoCV_2021/new_data_v2/trainData_EndoCV2021_21_Feb2021-V2/data_C2/masks_C2/EndoCV2021_001268_mask.jpg
/work/vajira/data/EndoCV_2021/new_data_v2/trainData_EndoCV2021_21_Feb2021-V2/data_C2/images_C2/EndoCV2021_001430.jpg,/work/vajira/data/EndoCV_2021/new_data_v2/trainData_EndoCV2021_21_Feb2021-V2/data_C2/masks_C2/EndoCV2021_001430_mask.jpg
/work/vajira/data/EndoCV_2021/new_data_v2/trainData_EndoCV2021_21_Feb2021-V2/data_C2/images_C2/EndoCV2021_001024.jpg,/work/vajira/data/EndoCV_2021/new_data_v2/trainData_EndoCV2021_21_Feb2021-V2/data_C2/masks_C2/EndoCV2021_001024_mask.jpg
/work/vajira/data/EndoCV_2021/new_data_v2/trainData_EndoCV2021_21_Feb2021-V2/data_C2/images_C2/EndoCV2021_001086.jpg,/work/vajira/data/EndoCV_2021/new_data_v2/trainData_EndoCV2021_21_Feb2021-V2/data_C2/masks_C2/EndoCV2021_001086_mask.jpg
/work/vajira/data/EndoCV_2021/new_data_v2/trainData_EndoCV2021_21_Feb2021-V2/data_C2/images_C2/EndoCV2021_001064.jpg,/work/vajira/data/EndoCV_2021/new_data_v2/trainData_EndoCV2021_21_Feb2021-V2/data_C2/masks_C2/EndoCV2021_001064_mask.jpg
/work/vajira/data/EndoCV_2021/new_data_v2/trainData_EndoCV2021_21_Feb2021-V2/data_C2/images_C2/EndoCV2021_001348.jpg,/work/vajira/data/EndoCV_2021/new_data_v2/trainData_EndoCV2021_21_Feb2021-V2/data_C2/masks_C2/EndoCV2021_001348_mask.jpg
/work/vajira/data/EndoCV_2021/new_data_v2/trainData_EndoCV2021_21_Feb2021-V2/data_C2/images_C2/EndoCV2021_001365.jpg,/work/vajira/data/EndoCV_2021/new_data_v2/trainData_EndoCV2021_21_Feb2021-V2/data_C2/masks_C2/EndoCV2021_001365_mask.jpg
/work/vajira/data/EndoCV_2021/new_data_v2/trainData_EndoCV2021_21_Feb2021-V2/data_C2/images_C2/EndoCV2021_001144.jpg,/work/vajira/data/EndoCV_2021/new_data_v2/trainData_EndoCV2021_21_Feb2021-V2/data_C2/masks_C2/EndoCV2021_001144_mask.jpg
/work/vajira/data/EndoCV_2021/new_data_v2/trainData_EndoCV2021_21_Feb2021-V2/data_C2/images_C2/EndoCV2021_001305.jpg,/work/vajira/data/EndoCV_2021/new_data_v2/trainData_EndoCV2021_21_Feb2021-V2/data_C2/masks_C2/EndoCV2021_001305_mask.jpg
/work/vajira/data/EndoCV_2021/new_data_v2/trainData_EndoCV2021_21_Feb2021-V2/data_C2/images_C2/EndoCV2021_001252.jpg,/work/vajira/data/EndoCV_2021/new_data_v2/trainData_EndoCV2021_21_Feb2021-V2/data_C2/masks_C2/EndoCV2021_001252_mask.jpg
/work/vajira/data/EndoCV_2021/new_data_v2/trainData_EndoCV2021_21_Feb2021-V2/data_C2/images_C2/EndoCV2021_001244.jpg,/work/vajira/data/EndoCV_2021/new_data_v2/trainData_EndoCV2021_21_Feb2021-V2/data_C2/masks_C2/EndoCV2021_001244_mask.jpg
/work/vajira/data/EndoCV_2021/new_data_v2/trainData_EndoCV2021_21_Feb2021-V2/data_C2/images_C2/EndoCV2021_001003.jpg,/work/vajira/data/EndoCV_2021/new_data_v2/trainData_EndoCV2021_21_Feb2021-V2/data_C2/masks_C2/EndoCV2021_001003_mask.jpg
/work/vajira/data/EndoCV_2021/new_data_v2/trainData_EndoCV2021_21_Feb2021-V2/data_C2/images_C2/EndoCV2021_001055.jpg,/work/vajira/data/EndoCV_2021/new_data_v2/trainData_EndoCV2021_21_Feb2021-V2/data_C2/masks_C2/EndoCV2021_001055_mask.jpg
/work/vajira/data/EndoCV_2021/new_data_v2/trainData_EndoCV2021_21_Feb2021-V2/data_C2/images_C2/EndoCV2021_001355.jpg,/work/vajira/data/EndoCV_2021/new_data_v2/trainData_EndoCV2021_21_Feb2021-V2/data_C2/masks_C2/EndoCV2021_001355_mask.jpg
/work/vajira/data/EndoCV_2021/new_data_v2/trainData_EndoCV2021_21_Feb2021-V2/data_C2/images_C2/EndoCV2021_001101.jpg,/work/vajira/data/EndoCV_2021/new_data_v2/trainData_EndoCV2021_21_Feb2021-V2/data_C2/masks_C2/EndoCV2021_001101_mask.jpg
/work/vajira/data/EndoCV_2021/new_data_v2/trainData_EndoCV2021_21_Feb2021-V2/data_C2/images_C2/EndoCV2021_001128.jpg,/work/vajira/data/EndoCV_2021/new_data_v2/trainData_EndoCV2021_21_Feb2021-V2/data_C2/masks_C2/EndoCV2021_001128_mask.jpg
/work/vajira/data/EndoCV_2021/new_data_v2/trainData_EndoCV2021_21_Feb2021-V2/data_C2/images_C2/EndoCV2021_001320.jpg,/work/vajira/data/EndoCV_2021/new_data_v2/trainData_EndoCV2021_21_Feb2021-V2/data_C2/masks_C2/EndoCV2021_001320_mask.jpg
/work/vajira/data/EndoCV_2021/new_data_v2/trainData_EndoCV2021_21_Feb2021-V2/data_C2/images_C2/EndoCV2021_001263.jpg,/work/vajira/data/EndoCV_2021/new_data_v2/trainData_EndoCV2021_21_Feb2021-V2/data_C2/masks_C2/EndoCV2021_001263_mask.jpg
/work/vajira/data/EndoCV_2021/new_data_v2/trainData_EndoCV2021_21_Feb2021-V2/data_C2/images_C2/EndoCV2021_001307.jpg,/work/vajira/data/EndoCV_2021/new_data_v2/trainData_EndoCV2021_21_Feb2021-V2/data_C2/masks_C2/EndoCV2021_001307_mask.jpg
/work/vajira/data/EndoCV_2021/new_data_v2/trainData_EndoCV2021_21_Feb2021-V2/data_C2/images_C2/EndoCV2021_001292.jpg,/work/vajira/data/EndoCV_2021/new_data_v2/trainData_EndoCV2021_21_Feb2021-V2/data_C2/masks_C2/EndoCV2021_001292_mask.jpg
/work/vajira/data/EndoCV_2021/new_data_v2/trainData_EndoCV2021_21_Feb2021-V2/data_C2/images_C2/EndoCV2021_001029.jpg,/work/vajira/data/EndoCV_2021/new_data_v2/trainData_EndoCV2021_21_Feb2021-V2/data_C2/masks_C2/EndoCV2021_001029_mask.jpg
/work/vajira/data/EndoCV_2021/new_data_v2/trainData_EndoCV2021_21_Feb2021-V2/data_C2/images_C2/EndoCV2021_001357.jpg,/work/vajira/data/EndoCV_2021/new_data_v2/trainData_EndoCV2021_21_Feb2021-V2/data_C2/masks_C2/EndoCV2021_001357_mask.jpg
/work/vajira/data/EndoCV_2021/new_data_v2/trainData_EndoCV2021_21_Feb2021-V2/data_C2/images_C2/EndoCV2021_001202.jpg,/work/vajira/data/EndoCV_2021/new_data_v2/trainData_EndoCV2021_21_Feb2021-V2/data_C2/masks_C2/EndoCV2021_001202_mask.jpg
/work/vajira/data/EndoCV_2021/new_data_v2/trainData_EndoCV2021_21_Feb2021-V2/data_C2/images_C2/EndoCV2021_001249.jpg,/work/vajira/data/EndoCV_2021/new_data_v2/trainData_EndoCV2021_21_Feb2021-V2/data_C2/masks_C2/EndoCV2021_001249_mask.jpg
/work/vajira/data/EndoCV_2021/new_data_v2/trainData_EndoCV2021_21_Feb2021-V2/data_C2/images_C2/EndoCV2021_001283.jpg,/work/vajira/data/EndoCV_2021/new_data_v2/trainData_EndoCV2021_21_Feb2021-V2/data_C2/masks_C2/EndoCV2021_001283_mask.jpg
/work/vajira/data/EndoCV_2021/new_data_v2/trainData_EndoCV2021_21_Feb2021-V2/data_C2/images_C2/EndoCV2021_001278.jpg,/work/vajira/data/EndoCV_2021/new_data_v2/trainData_EndoCV2021_21_Feb2021-V2/data_C2/masks_C2/EndoCV2021_001278_mask.jpg
/work/vajira/data/EndoCV_2021/new_data_v2/trainData_EndoCV2021_21_Feb2021-V2/data_C2/images_C2/EndoCV2021_001295.jpg,/work/vajira/data/EndoCV_2021/new_data_v2/trainData_EndoCV2021_21_Feb2021-V2/data_C2/masks_C2/EndoCV2021_001295_mask.jpg
/work/vajira/data/EndoCV_2021/new_data_v2/trainData_EndoCV2021_21_Feb2021-V2/data_C2/images_C2/EndoCV2021_001139.jpg,/work/vajira/data/EndoCV_2021/new_data_v2/trainData_EndoCV2021_21_Feb2021-V2/data_C2/masks_C2/EndoCV2021_001139_mask.jpg
/work/vajira/data/EndoCV_2021/new_data_v2/trainData_EndoCV2021_21_Feb2021-V2/data_C2/images_C2/EndoCV2021_001381.jpg,/work/vajira/data/EndoCV_2021/new_data_v2/trainData_EndoCV2021_21_Feb2021-V2/data_C2/masks_C2/EndoCV2021_001381_mask.jpg
/work/vajira/data/EndoCV_2021/new_data_v2/trainData_EndoCV2021_21_Feb2021-V2/data_C2/images_C2/EndoCV2021_001235.jpg,/work/vajira/data/EndoCV_2021/new_data_v2/trainData_EndoCV2021_21_Feb2021-V2/data_C2/masks_C2/EndoCV2021_001235_mask.jpg
/work/vajira/data/EndoCV_2021/new_data_v2/trainData_EndoCV2021_21_Feb2021-V2/data_C2/images_C2/EndoCV2021_001182.jpg,/work/vajira/data/EndoCV_2021/new_data_v2/trainData_EndoCV2021_21_Feb2021-V2/data_C2/masks_C2/EndoCV2021_001182_mask.jpg
/work/vajira/data/EndoCV_2021/new_data_v2/trainData_EndoCV2021_21_Feb2021-V2/data_C2/images_C2/EndoCV2021_001318.jpg,/work/vajira/data/EndoCV_2021/new_data_v2/trainData_EndoCV2021_21_Feb2021-V2/data_C2/masks_C2/EndoCV2021_001318_mask.jpg
/work/vajira/data/EndoCV_2021/new_data_v2/trainData_EndoCV2021_21_Feb2021-V2/data_C2/images_C2/EndoCV2021_001403.jpg,/work/vajira/data/EndoCV_2021/new_data_v2/trainData_EndoCV2021_21_Feb2021-V2/data_C2/masks_C2/EndoCV2021_001403_mask.jpg
/work/vajira/data/EndoCV_2021/new_data_v2/trainData_EndoCV2021_21_Feb2021-V2/data_C2/images_C2/EndoCV2021_001077.jpg,/work/vajira/data/EndoCV_2021/new_data_v2/trainData_EndoCV2021_21_Feb2021-V2/data_C2/masks_C2/EndoCV2021_001077_mask.jpg
/work/vajira/data/EndoCV_2021/new_data_v2/trainData_EndoCV2021_21_Feb2021-V2/data_C2/images_C2/EndoCV2021_001121.jpg,/work/vajira/data/EndoCV_2021/new_data_v2/trainData_EndoCV2021_21_Feb2021-V2/data_C2/masks_C2/EndoCV2021_001121_mask.jpg
/work/vajira/data/EndoCV_2021/new_data_v2/trainData_EndoCV2021_21_Feb2021-V2/data_C2/images_C2/EndoCV2021_001328.jpg,/work/vajira/data/EndoCV_2021/new_data_v2/trainData_EndoCV2021_21_Feb2021-V2/data_C2/masks_C2/EndoCV2021_001328_mask.jpg
/work/vajira/data/EndoCV_2021/new_data_v2/trainData_EndoCV2021_21_Feb2021-V2/data_C2/images_C2/EndoCV2021_001034.jpg,/work/vajira/data/EndoCV_2021/new_data_v2/trainData_EndoCV2021_21_Feb2021-V2/data_C2/masks_C2/EndoCV2021_001034_mask.jpg
/work/vajira/data/EndoCV_2021/new_data_v2/trainData_EndoCV2021_21_Feb2021-V2/data_C2/images_C2/EndoCV2021_001185.jpg,/work/vajira/data/EndoCV_2021/new_data_v2/trainData_EndoCV2021_21_Feb2021-V2/data_C2/masks_C2/EndoCV2021_001185_mask.jpg
/work/vajira/data/EndoCV_2021/new_data_v2/trainData_EndoCV2021_21_Feb2021-V2/data_C2/images_C2/EndoCV2021_001402.jpg,/work/vajira/data/EndoCV_2021/new_data_v2/trainData_EndoCV2021_21_Feb2021-V2/data_C2/masks_C2/EndoCV2021_001402_mask.jpg
/work/vajira/data/EndoCV_2021/new_data_v2/trainData_EndoCV2021_21_Feb2021-V2/data_C2/images_C2/EndoCV2021_001191.jpg,/work/vajira/data/EndoCV_2021/new_data_v2/trainData_EndoCV2021_21_Feb2021-V2/data_C2/masks_C2/EndoCV2021_001191_mask.jpg
/work/vajira/data/EndoCV_2021/new_data_v2/trainData_EndoCV2021_21_Feb2021-V2/data_C2/images_C2/EndoCV2021_001053.jpg,/work/vajira/data/EndoCV_2021/new_data_v2/trainData_EndoCV2021_21_Feb2021-V2/data_C2/masks_C2/EndoCV2021_001053_mask.jpg
/work/vajira/data/EndoCV_2021/new_data_v2/trainData_EndoCV2021_21_Feb2021-V2/data_C2/images_C2/EndoCV2021_001042.jpg,/work/vajira/data/EndoCV_2021/new_data_v2/trainData_EndoCV2021_21_Feb2021-V2/data_C2/masks_C2/EndoCV2021_001042_mask.jpg
/work/vajira/data/EndoCV_2021/new_data_v2/trainData_EndoCV2021_21_Feb2021-V2/data_C2/images_C2/EndoCV2021_001388.jpg,/work/vajira/data/EndoCV_2021/new_data_v2/trainData_EndoCV2021_21_Feb2021-V2/data_C2/masks_C2/EndoCV2021_001388_mask.jpg
/work/vajira/data/EndoCV_2021/new_data_v2/trainData_EndoCV2021_21_Feb2021-V2/data_C2/images_C2/EndoCV2021_001335.jpg,/work/vajira/data/EndoCV_2021/new_data_v2/trainData_EndoCV2021_21_Feb2021-V2/data_C2/masks_C2/EndoCV2021_001335_mask.jpg
/work/vajira/data/EndoCV_2021/new_data_v2/trainData_EndoCV2021_21_Feb2021-V2/data_C2/images_C2/EndoCV2021_001030.jpg,/work/vajira/data/EndoCV_2021/new_data_v2/trainData_EndoCV2021_21_Feb2021-V2/data_C2/masks_C2/EndoCV2021_001030_mask.jpg
/work/vajira/data/EndoCV_2021/new_data_v2/trainData_EndoCV2021_21_Feb2021-V2/data_C2/images_C2/EndoCV2021_001267.jpg,/work/vajira/data/EndoCV_2021/new_data_v2/trainData_EndoCV2021_21_Feb2021-V2/data_C2/masks_C2/EndoCV2021_001267_mask.jpg
/work/vajira/data/EndoCV_2021/new_data_v2/trainData_EndoCV2021_21_Feb2021-V2/data_C2/images_C2/EndoCV2021_001159.jpg,/work/vajira/data/EndoCV_2021/new_data_v2/trainData_EndoCV2021_21_Feb2021-V2/data_C2/masks_C2/EndoCV2021_001159_mask.jpg
/work/vajira/data/EndoCV_2021/new_data_v2/trainData_EndoCV2021_21_Feb2021-V2/data_C2/images_C2/EndoCV2021_001142.jpg,/work/vajira/data/EndoCV_2021/new_data_v2/trainData_EndoCV2021_21_Feb2021-V2/data_C2/masks_C2/EndoCV2021_001142_mask.jpg
/work/vajira/data/EndoCV_2021/new_data_v2/trainData_EndoCV2021_21_Feb2021-V2/data_C2/images_C2/EndoCV2021_001415.jpg,/work/vajira/data/EndoCV_2021/new_data_v2/trainData_EndoCV2021_21_Feb2021-V2/data_C2/masks_C2/EndoCV2021_001415_mask.jpg
/work/vajira/data/EndoCV_2021/new_data_v2/trainData_EndoCV2021_21_Feb2021-V2/data_C2/images_C2/EndoCV2021_001196.jpg,/work/vajira/data/EndoCV_2021/new_data_v2/trainData_EndoCV2021_21_Feb2021-V2/data_C2/masks_C2/EndoCV2021_001196_mask.jpg
/work/vajira/data/EndoCV_2021/new_data_v2/trainData_EndoCV2021_21_Feb2021-V2/data_C2/images_C2/EndoCV2021_001416.jpg,/work/vajira/data/EndoCV_2021/new_data_v2/trainData_EndoCV2021_21_Feb2021-V2/data_C2/masks_C2/EndoCV2021_001416_mask.jpg
/work/vajira/data/EndoCV_2021/new_data_v2/trainData_EndoCV2021_21_Feb2021-V2/data_C2/images_C2/EndoCV2021_001324.jpg,/work/vajira/data/EndoCV_2021/new_data_v2/trainData_EndoCV2021_21_Feb2021-V2/data_C2/masks_C2/EndoCV2021_001324_mask.jpg
/work/vajira/data/EndoCV_2021/new_data_v2/trainData_EndoCV2021_21_Feb2021-V2/data_C2/images_C2/EndoCV2021_001160.jpg,/work/vajira/data/EndoCV_2021/new_data_v2/trainData_EndoCV2021_21_Feb2021-V2/data_C2/masks_C2/EndoCV2021_001160_mask.jpg
/work/vajira/data/EndoCV_2021/new_data_v2/trainData_EndoCV2021_21_Feb2021-V2/data_C2/images_C2/EndoCV2021_001250.jpg,/work/vajira/data/EndoCV_2021/new_data_v2/trainData_EndoCV2021_21_Feb2021-V2/data_C2/masks_C2/EndoCV2021_001250_mask.jpg
/work/vajira/data/EndoCV_2021/new_data_v2/trainData_EndoCV2021_21_Feb2021-V2/data_C2/images_C2/EndoCV2021_001059.jpg,/work/vajira/data/EndoCV_2021/new_data_v2/trainData_EndoCV2021_21_Feb2021-V2/data_C2/masks_C2/EndoCV2021_001059_mask.jpg
/work/vajira/data/EndoCV_2021/new_data_v2/trainData_EndoCV2021_21_Feb2021-V2/data_C2/images_C2/EndoCV2021_001118.jpg,/work/vajira/data/EndoCV_2021/new_data_v2/trainData_EndoCV2021_21_Feb2021-V2/data_C2/masks_C2/EndoCV2021_001118_mask.jpg
/work/vajira/data/EndoCV_2021/new_data_v2/trainData_EndoCV2021_21_Feb2021-V2/data_C2/images_C2/EndoCV2021_001225.jpg,/work/vajira/data/EndoCV_2021/new_data_v2/trainData_EndoCV2021_21_Feb2021-V2/data_C2/masks_C2/EndoCV2021_001225_mask.jpg
/work/vajira/data/EndoCV_2021/new_data_v2/trainData_EndoCV2021_21_Feb2021-V2/data_C2/images_C2/EndoCV2021_001326.jpg,/work/vajira/data/EndoCV_2021/new_data_v2/trainData_EndoCV2021_21_Feb2021-V2/data_C2/masks_C2/EndoCV2021_001326_mask.jpg
/work/vajira/data/EndoCV_2021/new_data_v2/trainData_EndoCV2021_21_Feb2021-V2/data_C2/images_C2/EndoCV2021_001384.jpg,/work/vajira/data/EndoCV_2021/new_data_v2/trainData_EndoCV2021_21_Feb2021-V2/data_C2/masks_C2/EndoCV2021_001384_mask.jpg
/work/vajira/data/EndoCV_2021/new_data_v2/trainData_EndoCV2021_21_Feb2021-V2/data_C2/images_C2/EndoCV2021_001302.jpg,/work/vajira/data/EndoCV_2021/new_data_v2/trainData_EndoCV2021_21_Feb2021-V2/data_C2/masks_C2/EndoCV2021_001302_mask.jpg
/work/vajira/data/EndoCV_2021/new_data_v2/trainData_EndoCV2021_21_Feb2021-V2/data_C2/images_C2/EndoCV2021_001140.jpg,/work/vajira/data/EndoCV_2021/new_data_v2/trainData_EndoCV2021_21_Feb2021-V2/data_C2/masks_C2/EndoCV2021_001140_mask.jpg
/work/vajira/data/EndoCV_2021/new_data_v2/trainData_EndoCV2021_21_Feb2021-V2/data_C2/images_C2/EndoCV2021_001345.jpg,/work/vajira/data/EndoCV_2021/new_data_v2/trainData_EndoCV2021_21_Feb2021-V2/data_C2/masks_C2/EndoCV2021_001345_mask.jpg
/work/vajira/data/EndoCV_2021/new_data_v2/trainData_EndoCV2021_21_Feb2021-V2/data_C2/images_C2/EndoCV2021_001233.jpg,/work/vajira/data/EndoCV_2021/new_data_v2/trainData_EndoCV2021_21_Feb2021-V2/data_C2/masks_C2/EndoCV2021_001233_mask.jpg
/work/vajira/data/EndoCV_2021/new_data_v2/trainData_EndoCV2021_21_Feb2021-V2/data_C2/images_C2/EndoCV2021_001340.jpg,/work/vajira/data/EndoCV_2021/new_data_v2/trainData_EndoCV2021_21_Feb2021-V2/data_C2/masks_C2/EndoCV2021_001340_mask.jpg
/work/vajira/data/EndoCV_2021/new_data_v2/trainData_EndoCV2021_21_Feb2021-V2/data_C2/images_C2/EndoCV2021_001282.jpg,/work/vajira/data/EndoCV_2021/new_data_v2/trainData_EndoCV2021_21_Feb2021-V2/data_C2/masks_C2/EndoCV2021_001282_mask.jpg
/work/vajira/data/EndoCV_2021/new_data_v2/trainData_EndoCV2021_21_Feb2021-V2/data_C2/images_C2/EndoCV2021_001074.jpg,/work/vajira/data/EndoCV_2021/new_data_v2/trainData_EndoCV2021_21_Feb2021-V2/data_C2/masks_C2/EndoCV2021_001074_mask.jpg
/work/vajira/data/EndoCV_2021/new_data_v2/trainData_EndoCV2021_21_Feb2021-V2/data_C2/images_C2/EndoCV2021_001313.jpg,/work/vajira/data/EndoCV_2021/new_data_v2/trainData_EndoCV2021_21_Feb2021-V2/data_C2/masks_C2/EndoCV2021_001313_mask.jpg
